name,year,company_id,company_name,company_url,company_country,company_startyear
Suikoden V,2006,129,Konami,https://www.igdb.com/companies/konami,Japan,1969
Suikoden V,2006,864,Hudson Soft,https://www.igdb.com/companies/hudson-soft,Japan,1973
Suikoden V,2006,129,Konami,https://www.igdb.com/companies/konami,Japan,1969
Summon Night 6: Lost Borders,2016,2676,Media.Vision,https://www.igdb.com/companies/media-vision,,
Summon Night 6: Lost Borders,2016,3055,Felistella,https://www.igdb.com/companies/felistella,,
Summon Night 6: Lost Borders,2016,6959,Gaijinworks,https://www.igdb.com/companies/gaijinworks,United States,2006
Summon Night 6: Lost Borders,2016,248,Bandai Namco Entertainment,https://www.igdb.com/companies/bandai-namco-entertainment,Japan,2015
Summoner,2000,197,THQ,https://www.igdb.com/companies/thq,United States,1989
Summoner,2000,7462,Volition,https://www.igdb.com/companies/volition,United States,1993
Summoner,2000,523,Graphsim Entertainment,https://www.igdb.com/companies/graphsim-entertainment,,
Summoner 2,2002,197,THQ,https://www.igdb.com/companies/thq,United States,1989
Summoner 2,2002,7462,Volition,https://www.igdb.com/companies/volition,United States,1993
Sunset Overdrive,2014,834,Insomniac Games,https://www.igdb.com/companies/insomniac-games,United States,1994
Sunset Overdrive,2014,1010,Microsoft Studios,https://www.igdb.com/companies/microsoft-studios,,2011
Super Adventure Island,1992,864,Hudson Soft,https://www.igdb.com/companies/hudson-soft,Japan,1973
Super Army War,2005,2488,Atlus USA,https://www.igdb.com/companies/atlus-usa,United States,1991
Super Army War,2005,1933,Neko Entertainment,https://www.igdb.com/companies/neko-entertainment,France,1999
Super Bomberman 4,1996,864,Hudson Soft,https://www.igdb.com/companies/hudson-soft,Japan,1973
Super Castlevania IV,1991,129,Konami,https://www.igdb.com/companies/konami,Japan,1969
Super Dragon Ball Z,2006,1220,Crafts & Meister,https://www.igdb.com/companies/crafts-meister,Japan,2004
Super Dragon Ball Z,2006,1215,Banpresto,https://www.igdb.com/companies/banpresto,Japan,1989
Super Dragon Ball Z,2006,36897,Arika,https://www.igdb.com/companies/arika,,
Super Dragon Ball Z,2006,6330,Namco Bandai Games,https://www.igdb.com/companies/namco-bandai-games,Japan,2006
Super Mario 3D Land,2011,421,Nintendo EAD,https://www.igdb.com/companies/nintendo-ead,Japan,1989
Super Mario 3D Land,2011,1866,Brownie Brown,https://www.igdb.com/companies/brownie-brown,Japan,2000
Super Mario 3D Land,2011,70,Nintendo,https://www.igdb.com/companies/nintendo,Japan,1969
Super Mario 3D Land,2011,5163,iQue,https://www.igdb.com/companies/ique,,
Super Mario 3D World,2013,2910,1-UP Studio,https://www.igdb.com/companies/1-up-studio,Japan,2000
Super Mario 3D World,2013,421,Nintendo EAD,https://www.igdb.com/companies/nintendo-ead,Japan,1989
Super Mario 3D World,2013,70,Nintendo,https://www.igdb.com/companies/nintendo,Japan,1969
Super Mario 64,1996,70,Nintendo,https://www.igdb.com/companies/nintendo,Japan,1969
Super Mario 64,1996,421,Nintendo EAD,https://www.igdb.com/companies/nintendo-ead,Japan,1989
Super Mario 64,1996,33804,Playtronic,https://www.igdb.com/companies/playtronic,Brazil,1993
Super Mario 64,1996,812,Gradiente,https://www.igdb.com/companies/gradiente,Brazil,1969
Super Mario Advance,2001,1774,Nintendo R&D2,https://www.igdb.com/companies/nintendo-r-d2,Japan,1970
Super Mario Advance,2001,70,Nintendo,https://www.igdb.com/companies/nintendo,Japan,1969
Super Mario Advance,2001,812,Gradiente,https://www.igdb.com/companies/gradiente,Brazil,1969
Super Mario Advance,2001,5163,iQue,https://www.igdb.com/companies/ique,,
Super Mario All-Stars,1993,421,Nintendo EAD,https://www.igdb.com/companies/nintendo-ead,Japan,1989
Super Mario All-Stars,1993,70,Nintendo,https://www.igdb.com/companies/nintendo,Japan,1969
Super Mario All-Stars,1993,33804,Playtronic,https://www.igdb.com/companies/playtronic,Brazil,1993
Super Mario All-Stars,1993,32350,Hyundai,https://www.igdb.com/companies/hyundai,,
Super Mario Bros.,1985,70,Nintendo,https://www.igdb.com/companies/nintendo,Japan,1969
Super Mario Bros.,1985,32471,Nintendo R&D4,https://www.igdb.com/companies/nintendo-r-and-d4,Japan,1983
Super Mario Bros.,1985,33804,Playtronic,https://www.igdb.com/companies/playtronic,Brazil,1993
Super Mario Bros. 2,1988,70,Nintendo,https://www.igdb.com/companies/nintendo,Japan,1969
Super Mario Bros. 2,1988,32471,Nintendo R&D4,https://www.igdb.com/companies/nintendo-r-and-d4,Japan,1983
Super Mario Bros. 2,1988,33804,Playtronic,https://www.igdb.com/companies/playtronic,Brazil,1993
Super Mario Bros. 3,1988,32471,Nintendo R&D4,https://www.igdb.com/companies/nintendo-r-and-d4,Japan,1983
Super Mario Bros. 3,1988,70,Nintendo,https://www.igdb.com/companies/nintendo,Japan,1969
Super Mario Bros. 3,1988,33804,Playtronic,https://www.igdb.com/companies/playtronic,Brazil,1993
Super Mario Bros.: The Lost Levels,1986,70,Nintendo,https://www.igdb.com/companies/nintendo,Japan,1969
Super Mario Bros.: The Lost Levels,1986,32471,Nintendo R&D4,https://www.igdb.com/companies/nintendo-r-and-d4,Japan,1983
Super Mario Galaxy,2007,421,Nintendo EAD,https://www.igdb.com/companies/nintendo-ead,Japan,1989
Super Mario Galaxy,2007,70,Nintendo,https://www.igdb.com/companies/nintendo,Japan,1969
Super Mario Galaxy 2,2010,70,Nintendo,https://www.igdb.com/companies/nintendo,Japan,1969
Super Mario Galaxy 2,2010,421,Nintendo EAD,https://www.igdb.com/companies/nintendo-ead,Japan,1989
Super Mario Galaxy 2,2010,70,Nintendo,https://www.igdb.com/companies/nintendo,Japan,1969
Super Mario Kart,1992,70,Nintendo,https://www.igdb.com/companies/nintendo,Japan,1969
Super Mario Kart,1992,421,Nintendo EAD,https://www.igdb.com/companies/nintendo-ead,Japan,1989
Super Mario Kart,1992,812,Gradiente,https://www.igdb.com/companies/gradiente,Brazil,1969
Super Mario Kart,1992,33804,Playtronic,https://www.igdb.com/companies/playtronic,Brazil,1993
Super Mario Kart,1992,32350,Hyundai,https://www.igdb.com/companies/hyundai,,
Super Mario Land,1989,1809,Nintendo R&D1,https://www.igdb.com/companies/nintendo-r-d1,Japan,1970
Super Mario Land,1989,70,Nintendo,https://www.igdb.com/companies/nintendo,Japan,1969
Super Mario Land,1989,33804,Playtronic,https://www.igdb.com/companies/playtronic,Brazil,1993
Super Mario Land 2: 6 Golden Coins,1992,1809,Nintendo R&D1,https://www.igdb.com/companies/nintendo-r-d1,Japan,1970
Super Mario Land 2: 6 Golden Coins,1992,70,Nintendo,https://www.igdb.com/companies/nintendo,Japan,1969
Super Mario Land 2: 6 Golden Coins,1992,33804,Playtronic,https://www.igdb.com/companies/playtronic,Brazil,1993
Super Mario Maker,2015,1048,Nintendo EAD Software Development Group No.4,https://www.igdb.com/companies/nintendo-ead-software-development-group-no-dot-4,Japan,2003
Super Mario Maker,2015,70,Nintendo,https://www.igdb.com/companies/nintendo,Japan,1969
Super Mario RPG: Legend of the Seven Stars,1996,26,Square Enix,https://www.igdb.com/companies/square-enix,Japan,2003
Super Mario RPG: Legend of the Seven Stars,1996,250,Square,https://www.igdb.com/companies/square,Japan,1983
Super Mario RPG: Legend of the Seven Stars,1996,70,Nintendo,https://www.igdb.com/companies/nintendo,Japan,1969
Super Mario RPG: Legend of the Seven Stars,1996,33804,Playtronic,https://www.igdb.com/companies/playtronic,Brazil,1993
Super Mario RPG: Legend of the Seven Stars,1996,32350,Hyundai,https://www.igdb.com/companies/hyundai,,
Super Mario Strikers,2005,70,Nintendo,https://www.igdb.com/companies/nintendo,Japan,1969
Super Mario Strikers,2005,1054,Next Level Games,https://www.igdb.com/companies/next-level-games,Canada,2002
Super Mario Sunshine,2002,421,Nintendo EAD,https://www.igdb.com/companies/nintendo-ead,Japan,1989
Super Mario Sunshine,2002,70,Nintendo,https://www.igdb.com/companies/nintendo,Japan,1969
Super Mario Sunshine,2002,812,Gradiente,https://www.igdb.com/companies/gradiente,Brazil,1969
Super Mario World,1990,33804,Playtronic,https://www.igdb.com/companies/playtronic,Brazil,1993
Super Mario World,1990,812,Gradiente,https://www.igdb.com/companies/gradiente,Brazil,1969
Super Mario World,1990,32350,Hyundai,https://www.igdb.com/companies/hyundai,,
Super Mario World,1990,70,Nintendo,https://www.igdb.com/companies/nintendo,Japan,1969
Super Mario World,1990,421,Nintendo EAD,https://www.igdb.com/companies/nintendo-ead,Japan,1989
Super Mario World 2: Yoshi's Island,1995,25230,St. GIGA,https://www.igdb.com/companies/st-giga,,
Super Mario World 2: Yoshi's Island,1995,421,Nintendo EAD,https://www.igdb.com/companies/nintendo-ead,Japan,1989
Super Mario World 2: Yoshi's Island,1995,70,Nintendo,https://www.igdb.com/companies/nintendo,Japan,1969
Super Mario World 2: Yoshi's Island,1995,33804,Playtronic,https://www.igdb.com/companies/playtronic,Brazil,1993
Super Mario World 2: Yoshi's Island,1995,32350,Hyundai,https://www.igdb.com/companies/hyundai,,
Super Metroid,1994,1809,Nintendo R&D1,https://www.igdb.com/companies/nintendo-r-d1,Japan,1970
Super Metroid,1994,25077,Intelligent Systems,https://www.igdb.com/companies/intelligent-systems,,
Super Metroid,1994,70,Nintendo,https://www.igdb.com/companies/nintendo,Japan,1969
Super Metroid,1994,70,Nintendo,https://www.igdb.com/companies/nintendo,Japan,1969
Super Metroid,1994,33804,Playtronic,https://www.igdb.com/companies/playtronic,Brazil,1993
Super Monkey Ball,2001,1096,Amusement Vision,https://www.igdb.com/companies/amusement-vision,Japan,2000
Super Monkey Ball,2001,112,Sega,https://www.igdb.com/companies/sega,Japan,2020
Super Monkey Ball 2,2002,1096,Amusement Vision,https://www.igdb.com/companies/amusement-vision,Japan,2000
Super Monkey Ball 2,2002,112,Sega,https://www.igdb.com/companies/sega,Japan,2020
Super Monkey Ball Deluxe,2005,1096,Amusement Vision,https://www.igdb.com/companies/amusement-vision,Japan,2000
Super Monkey Ball Jr.,2002,2861,Realism,https://www.igdb.com/companies/realism,,
Super Monkey Ball Jr.,2002,197,THQ,https://www.igdb.com/companies/thq,United States,1989
Super Monkey Ball Jr.,2002,112,Sega,https://www.igdb.com/companies/sega,Japan,2020
Super Monkey Ball Jr.,2002,1096,Amusement Vision,https://www.igdb.com/companies/amusement-vision,Japan,2000
Super Monkey Ball: Banana Blitz,2006,112,Sega,https://www.igdb.com/companies/sega,Japan,2020
Super Monkey Ball: Banana Blitz,2006,27550,New Entertainment R&D Dept.,https://www.igdb.com/companies/new-entertainment-r-and-d-dept,,
Super Paper Mario,2007,70,Nintendo,https://www.igdb.com/companies/nintendo,Japan,1969
Super Paper Mario,2007,2935,Nintendo SPD,https://www.igdb.com/companies/nintendo-spd,Japan,2003
Super Paper Mario,2007,25077,Intelligent Systems,https://www.igdb.com/companies/intelligent-systems,,
Super Princess Peach,2005,321,Tose,https://www.igdb.com/companies/tose,Japan,1979
Super Princess Peach,2005,866,Nintendo SPD Production Group No. 2,https://www.igdb.com/companies/nintendo-spd-production-group-no-2,Japan,2003
Super Princess Peach,2005,70,Nintendo,https://www.igdb.com/companies/nintendo,Japan,1969
Super Puzzle Fighter II Turbo,1996,37,Capcom,https://www.igdb.com/companies/capcom,Japan,1979
Super Puzzle Fighter II Turbo,1996,1267,Backbone Entertainment,https://www.igdb.com/companies/backbone-entertainment,United States,1992
Super R-Type,1991,70,Nintendo,https://www.igdb.com/companies/nintendo,Japan,1969
Super R-Type,1991,17615,retro-bit,https://www.igdb.com/companies/retro-bit,,
Super R-Type,1991,1287,Irem,https://www.igdb.com/companies/irem,Japan,1974
Super R-Type,1991,33804,Playtronic,https://www.igdb.com/companies/playtronic,Brazil,1993
Super Scribblenauts,2010,2162,5th Cell,https://www.igdb.com/companies/5th-cell,United States,
Super Scribblenauts,2010,129,Konami,https://www.igdb.com/companies/konami,Japan,1969
Super Scribblenauts,2010,50,WB Games,https://www.igdb.com/companies/wb-games,United States,1993
Super Smash Bros.,1999,70,Nintendo,https://www.igdb.com/companies/nintendo,Japan,1969
Super Smash Bros.,1999,762,HAL Laboratory,https://www.igdb.com/companies/hal-laboratory,Japan,1980
Super Smash Bros.,1999,812,Gradiente,https://www.igdb.com/companies/gradiente,Brazil,1969
Super Smash Bros.,1999,5163,iQue,https://www.igdb.com/companies/ique,,
Super Smash Bros. Brawl,2008,70,Nintendo,https://www.igdb.com/companies/nintendo,Japan,1969
Super Smash Bros. Brawl,2008,1151,Game Arts,https://www.igdb.com/companies/game-arts,Japan,1985
Super Smash Bros. Brawl,2008,876,Sora,https://www.igdb.com/companies/sora,Japan,2005
Super Smash Bros. Brawl,2008,1119,Monolith Soft,https://www.igdb.com/companies/monolith-soft,Japan,1999
Super Smash Bros. Brawl,2008,762,HAL Laboratory,https://www.igdb.com/companies/hal-laboratory,Japan,1980
Super Smash Bros. Brawl,2008,775,Paon,https://www.igdb.com/companies/paon,,
Super Smash Bros. Brawl,2008,25077,Intelligent Systems,https://www.igdb.com/companies/intelligent-systems,,
Super Smash Bros. Melee,2001,70,Nintendo,https://www.igdb.com/companies/nintendo,Japan,1969
Super Smash Bros. Melee,2001,762,HAL Laboratory,https://www.igdb.com/companies/hal-laboratory,Japan,1980
Super Smash Bros. Melee,2001,812,Gradiente,https://www.igdb.com/companies/gradiente,Brazil,1969
Superman: Shadow of Apokolips,2002,2406,"Atari, Inc.",https://www.igdb.com/companies/atari-inc,United States,2003
Superman: Shadow of Apokolips,2002,213,Infogrames,https://www.igdb.com/companies/infogrames,France,1983
Superman: The Man of Steel,2002,50,WB Games,https://www.igdb.com/companies/wb-games,United States,1993
Superman: The Man of Steel,2002,1289,DC Comics,https://www.igdb.com/companies/dc-comics,,
Superman: The Man of Steel,2002,2705,Circus Freak,https://www.igdb.com/companies/circus-freak,,
Superman: The Man of Steel,2002,7647,Atari Interactive,https://www.igdb.com/companies/atari-interactive,United States,1998
Supreme Commander,2007,239,Gas Powered Games,https://www.igdb.com/companies/gas-powered-games,,
Supreme Commander,2007,299,Hellbent Games,https://www.igdb.com/companies/hellbent-games,Canada,
Supreme Commander,2007,197,THQ,https://www.igdb.com/companies/thq,United States,1989
Supreme Commander 2,2010,26,Square Enix,https://www.igdb.com/companies/square-enix,Japan,2003
Supreme Commander 2,2010,239,Gas Powered Games,https://www.igdb.com/companies/gas-powered-games,,
Supreme Commander 2,2010,3023,Virtual Programming,https://www.igdb.com/companies/virtual-programming,United Kingdom,2000
Supreme Commander 2,2010,2121,Iron Galaxy Studios,https://www.igdb.com/companies/iron-galaxy-studios,United States,2008
Supreme Commander: Forged Alliance,2007,197,THQ,https://www.igdb.com/companies/thq,United States,1989
Supreme Commander: Forged Alliance,2007,239,Gas Powered Games,https://www.igdb.com/companies/gas-powered-games,,
Supreme Commander: Forged Alliance,2007,30930,Forged Alliance Forever,https://www.igdb.com/companies/forged-alliance-forever,,
Surf's Up,2007,15790,Ubisoft Québec,https://www.igdb.com/companies/ubisoft-quebec--1,Canada,2005
Surf's Up,2007,38,Ubisoft Montreal,https://www.igdb.com/companies/ubisoft-montreal,Canada,1997
Surf's Up,2007,907,Sony Computer Entertainment of America,https://www.igdb.com/companies/sony-computer-entertainment-of-america,United States,
Sword Art Online: Infinity Moment,2013,6330,Namco Bandai Games,https://www.igdb.com/companies/namco-bandai-games,Japan,2006
Sword Art Online: Infinity Moment,2013,6351,Aquria,https://www.igdb.com/companies/aquria,Japan,2002
Sword of Mana,2003,1866,Brownie Brown,https://www.igdb.com/companies/brownie-brown,Japan,2000
Sword of Mana,2003,70,Nintendo,https://www.igdb.com/companies/nintendo,Japan,1969
Sword of Mana,2003,26,Square Enix,https://www.igdb.com/companies/square-enix,Japan,2003
Syberia,2002,593,The Adventure Company,https://www.igdb.com/companies/the-adventure-company,Canada,2002
Syberia,2002,2034,XS Games,https://www.igdb.com/companies/xs-games,,
Syberia,2002,2673,Mediaquest,https://www.igdb.com/companies/mediaquest,,
Syberia,2002,3958,Bandai Namco Games,https://www.igdb.com/companies/bandai-namco-games,Japan,2014
Syberia,2002,468,Meridian4,https://www.igdb.com/companies/meridian4,Canada,2004
Syberia,2002,3906,Anuman Interactive,https://www.igdb.com/companies/anuman-interactive,France,2000
Syberia,2002,5283,Microids,https://www.igdb.com/companies/microids,France,2000
Syberia,2002,2245,Big Fish Games,https://www.igdb.com/companies/big-fish-games,United States,2002
Syberia,2002,707,ChinaAVG,https://www.igdb.com/companies/chinaavg,,
Syberia,2002,238,Typhoon Games,https://www.igdb.com/companies/typhoon-games,,
Syberia II,2004,2356,MC2-Microïds,https://www.igdb.com/companies/mc2-microids,,
Syberia II,2004,2034,XS Games,https://www.igdb.com/companies/xs-games,,
Syberia II,2004,2673,Mediaquest,https://www.igdb.com/companies/mediaquest,,
Syberia II,2004,593,The Adventure Company,https://www.igdb.com/companies/the-adventure-company,Canada,2002
Syberia II,2004,468,Meridian4,https://www.igdb.com/companies/meridian4,Canada,2004
Syberia II,2004,5283,Microids,https://www.igdb.com/companies/microids,France,2000
Syndicate,2012,14,Bullfrog Productions,https://www.igdb.com/companies/bullfrog-productions,United Kingdom,1987
Syndicate,2012,1,Electronic Arts,https://www.igdb.com/companies/electronic-arts,United States,1982
Syndicate,2012,880,Domark Software,https://www.igdb.com/companies/domark-software,,
Syphon Filter,1999,2024,Eidetic,https://www.igdb.com/companies/eidetic,United States,1993
Syphon Filter,1999,241,989 Studios,https://www.igdb.com/companies/989-studios,United States,1998
Syphon Filter 2,2000,2024,Eidetic,https://www.igdb.com/companies/eidetic,United States,1993
Syphon Filter 2,2000,241,989 Studios,https://www.igdb.com/companies/989-studios,United States,1998
Syphon Filter 3,2001,726,SCE Bend Studio,https://www.igdb.com/companies/sce-bend-studio,United States,1993
Syphon Filter 3,2001,13634,Sony Computer Entertainment,https://www.igdb.com/companies/sony-computer-entertainment,Japan,1993
Syphon Filter: Dark Mirror,2006,726,SCE Bend Studio,https://www.igdb.com/companies/sce-bend-studio,United States,1993
Syphon Filter: Dark Mirror,2006,13634,Sony Computer Entertainment,https://www.igdb.com/companies/sony-computer-entertainment,Japan,1993
Syphon Filter: The Omega Strain,2004,726,SCE Bend Studio,https://www.igdb.com/companies/sce-bend-studio,United States,1993
Syphon Filter: The Omega Strain,2004,13634,Sony Computer Entertainment,https://www.igdb.com/companies/sony-computer-entertainment,Japan,1993
TMNT,2007,104,Ubisoft Entertainment,https://www.igdb.com/companies/ubisoft-entertainment,,1986
TMNT,2007,38,Ubisoft Montreal,https://www.igdb.com/companies/ubisoft-montreal,Canada,1997
TMNT: Mutant Melee,2005,129,Konami,https://www.igdb.com/companies/konami,Japan,1969
TMNT: Mutant Melee,2005,2817,Konami Computer Entertainment Hawaii,https://www.igdb.com/companies/konami-computer-entertainment-hawaii,United States,1997
TNA iMPACT!,2008,327,Midway Games,https://www.igdb.com/companies/midway-games,United States,1969
TNA iMPACT!,2008,118,Midway Studios Los Angeles,https://www.igdb.com/companies/midway-studios-los-angeles,United States,1994
Tactics Ogre: Let Us Cling Together,1995,4530,Riverhillsoft,https://www.igdb.com/companies/riverhillsoft,Japan,1982
Tactics Ogre: Let Us Cling Together,1995,1221,Artdink,https://www.igdb.com/companies/artdink,Japan,1986
Tactics Ogre: Let Us Cling Together,1995,818,Atlus,https://www.igdb.com/companies/atlus,Japan,1986
Tactics Ogre: Let Us Cling Together,1995,1827,Quest,https://www.igdb.com/companies/quest,Japan,1988
Tactics Ogre: Let Us Cling Together,1995,26,Square Enix,https://www.igdb.com/companies/square-enix,Japan,2003
Tail Concerto,1998,2488,Atlus USA,https://www.igdb.com/companies/atlus-usa,United States,1991
Tail Concerto,1998,12992,"CyberConnect Co., Ltd.",https://www.igdb.com/companies/cyberconnect-co-dot-ltd,Japan,1996
Tail Concerto,1998,617,Bandai,https://www.igdb.com/companies/bandai,Japan,1969
Tak 2: The Staff of Dreams,2004,197,THQ,https://www.igdb.com/companies/thq,United States,1989
Tak 2: The Staff of Dreams,2004,1309,Avalanche Software,https://www.igdb.com/companies/avalanche-software,United States,1995
Tak and the Guardians of Gross,2008,197,THQ,https://www.igdb.com/companies/thq,United States,1989
Tak and the Guardians of Gross,2008,1286,Blitz Games,https://www.igdb.com/companies/blitz-games,,
Tak and the Power of Juju,2003,1309,Avalanche Software,https://www.igdb.com/companies/avalanche-software,United States,1995
Tak and the Power of Juju,2003,197,THQ,https://www.igdb.com/companies/thq,United States,1989
Tales of Berseria,2016,9608,Bandai Namco Entertainment America,https://www.igdb.com/companies/bandai-namco-entertainment-america,United States,2015
Tales of Berseria,2016,9607,Bandai Namco Entertainment Europe,https://www.igdb.com/companies/bandai-namco-entertainment-europe,United Kingdom,2015
Tales of Berseria,2016,248,Bandai Namco Entertainment,https://www.igdb.com/companies/bandai-namco-entertainment,Japan,2015
Tales of Berseria,2016,22721,Bandai Namco Studios,https://www.igdb.com/companies/bandai-namco-studios,Japan,2014
Tales of Destiny,2006,10221,Wolf Team,https://www.igdb.com/companies/wolf-team,Japan,1986
Tales of Destiny,2006,263,Namco,https://www.igdb.com/companies/namco,Japan,1969
Tales of Destiny 2,2002,827,Telenet Japan,https://www.igdb.com/companies/telenet-japan,,
Tales of Destiny 2,2002,826,Namco Tales Studio,https://www.igdb.com/companies/namco-tales-studio,Japan,2003
Tales of Destiny 2,2002,828,Alfa System,https://www.igdb.com/companies/alfa-system,Japan,
Tales of Destiny 2,2002,263,Namco,https://www.igdb.com/companies/namco,Japan,1969
Tales of Graces,2009,826,Namco Tales Studio,https://www.igdb.com/companies/namco-tales-studio,Japan,2003
Tales of Graces,2009,248,Bandai Namco Entertainment,https://www.igdb.com/companies/bandai-namco-entertainment,Japan,2015
Tales of Graces f,2010,6330,Namco Bandai Games,https://www.igdb.com/companies/namco-bandai-games,Japan,2006
Tales of Graces f,2010,826,Namco Tales Studio,https://www.igdb.com/companies/namco-tales-studio,Japan,2003
Tales of Innocence R,2012,10215,7seventh chord,https://www.igdb.com/companies/7seventh-chord,,
Tales of Innocence R,2012,3958,Bandai Namco Games,https://www.igdb.com/companies/bandai-namco-games,Japan,2014
Tales of Innocence R,2012,6330,Namco Bandai Games,https://www.igdb.com/companies/namco-bandai-games,Japan,2006
Tales of Legendia,2005,263,Namco,https://www.igdb.com/companies/namco,Japan,1969
Tales of Phantasia,1995,263,Namco,https://www.igdb.com/companies/namco,Japan,1969
Tales of Phantasia,1995,10221,Wolf Team,https://www.igdb.com/companies/wolf-team,Japan,1986
Tales of Phantasia: Narikiri Dungeon X,2010,826,Namco Tales Studio,https://www.igdb.com/companies/namco-tales-studio,Japan,2003
Tales of Phantasia: Narikiri Dungeon X,2010,25663,NAMCO BANDAI Games Inc.,https://www.igdb.com/companies/namco-bandai-games-inc,,
Tales of Rebirth,2004,826,Namco Tales Studio,https://www.igdb.com/companies/namco-tales-studio,Japan,2003
Tales of Rebirth,2004,263,Namco,https://www.igdb.com/companies/namco,Japan,1969
Tales of Rebirth,2004,6330,Namco Bandai Games,https://www.igdb.com/companies/namco-bandai-games,Japan,2006
Tales of Symphonia,2003,826,Namco Tales Studio,https://www.igdb.com/companies/namco-tales-studio,Japan,2003
Tales of Symphonia,2003,5024,Bandai Namco Holdings,https://www.igdb.com/companies/bandai-namco-holdings,Japan,2005
Tales of Symphonia,2003,70,Nintendo,https://www.igdb.com/companies/nintendo,Japan,1969
Tales of Symphonia,2003,263,Namco,https://www.igdb.com/companies/namco,Japan,1969
Tales of Symphonia: Dawn of the New World,2008,248,Bandai Namco Entertainment,https://www.igdb.com/companies/bandai-namco-entertainment,Japan,2015
Tales of Symphonia: Dawn of the New World,2008,826,Namco Tales Studio,https://www.igdb.com/companies/namco-tales-studio,Japan,2003
Tales of VS.,2009,322,Matrix Software,https://www.igdb.com/companies/matrix-software,Japan,1994
Tales of VS.,2009,826,Namco Tales Studio,https://www.igdb.com/companies/namco-tales-studio,Japan,2003
Tales of VS.,2009,6330,Namco Bandai Games,https://www.igdb.com/companies/namco-bandai-games,Japan,2006
Tales of Vesperia,2008,826,Namco Tales Studio,https://www.igdb.com/companies/namco-tales-studio,Japan,2003
Tales of Vesperia,2008,248,Bandai Namco Entertainment,https://www.igdb.com/companies/bandai-namco-entertainment,Japan,2015
Tales of Vesperia,2008,2406,"Atari, Inc.",https://www.igdb.com/companies/atari-inc,United States,2003
Tales of Xillia,2011,826,Namco Tales Studio,https://www.igdb.com/companies/namco-tales-studio,Japan,2003
Tales of Xillia,2011,248,Bandai Namco Entertainment,https://www.igdb.com/companies/bandai-namco-entertainment,Japan,2015
Tales of Xillia 2,2012,3958,Bandai Namco Games,https://www.igdb.com/companies/bandai-namco-games,Japan,2014
Tales of Xillia 2,2012,22721,Bandai Namco Studios,https://www.igdb.com/companies/bandai-namco-studios,Japan,2014
Tales of Xillia 2,2012,6330,Namco Bandai Games,https://www.igdb.com/companies/namco-bandai-games,Japan,2006
Tales of Zestiria,2015,774,QLOC,https://www.igdb.com/companies/qloc,Poland,2009
Tales of Zestiria,2015,248,Bandai Namco Entertainment,https://www.igdb.com/companies/bandai-namco-entertainment,Japan,2015
Tales of Zestiria,2015,1913,tri-Crescendo,https://www.igdb.com/companies/tri-crescendo,Japan,1999
Tales of Zestiria,2015,3958,Bandai Namco Games,https://www.igdb.com/companies/bandai-namco-games,Japan,2014
Tales of Zestiria,2015,22721,Bandai Namco Studios,https://www.igdb.com/companies/bandai-namco-studios,Japan,2014
Tales of the Abyss,2005,248,Bandai Namco Entertainment,https://www.igdb.com/companies/bandai-namco-entertainment,Japan,2015
Tales of the Abyss,2005,826,Namco Tales Studio,https://www.igdb.com/companies/namco-tales-studio,Japan,2003
Tales of the Heroes: Twin Brave,2012,6330,Namco Bandai Games,https://www.igdb.com/companies/namco-bandai-games,Japan,2006
Tales of the World: Radiant Mythology,2006,828,Alfa System,https://www.igdb.com/companies/alfa-system,Japan,
Tales of the World: Radiant Mythology,2006,6330,Namco Bandai Games,https://www.igdb.com/companies/namco-bandai-games,Japan,2006
Tales of the World: Radiant Mythology 3,2011,6330,Namco Bandai Games,https://www.igdb.com/companies/namco-bandai-games,Japan,2006
Tao Feng: Fist of the Lotus,2003,53,Microsoft Game Studios,https://www.igdb.com/companies/microsoft-game-studios,United States,2002
Tao Feng: Fist of the Lotus,2003,2711,Studio Gigante,https://www.igdb.com/companies/studio-gigante,,
Taz Wanted,2002,213,Infogrames,https://www.igdb.com/companies/infogrames,France,1983
Taz Wanted,2002,50,WB Games,https://www.igdb.com/companies/wb-games,United States,1993
Taz Wanted,2002,1286,Blitz Games,https://www.igdb.com/companies/blitz-games,,
Tearaway Unfolded,2015,746,Media Molecule,https://www.igdb.com/companies/media-molecule,United Kingdom,2006
Tearaway Unfolded,2015,13634,Sony Computer Entertainment,https://www.igdb.com/companies/sony-computer-entertainment,Japan,1993
Tearaway Unfolded,2015,747,Tarsier Studios,https://www.igdb.com/companies/tarsier-studios,Sweden,2004
Tecmo Classic Arcade,2005,2020,"Tecmo Co., Ltd.",https://www.igdb.com/companies/tecmo-co-ltd,,
Tecmo Classic Arcade,2005,53,Microsoft Game Studios,https://www.igdb.com/companies/microsoft-game-studios,United States,2002
Teenage Mutant Ninja Turtles,2003,1098,Probe Software,https://www.igdb.com/companies/probe-software,United Kingdom,1984
Teenage Mutant Ninja Turtles,2003,4119,Mirrorsoft,https://www.igdb.com/companies/mirrorsoft,United Kingdom,1982
Teenage Mutant Ninja Turtles,2003,888,Digital Eclipse,https://www.igdb.com/companies/digital-eclipse,United States,1992
Teenage Mutant Ninja Turtles,2003,129,Konami,https://www.igdb.com/companies/konami,Japan,1969
Teenage Mutant Ninja Turtles,2003,1917,Image Works,https://www.igdb.com/companies/image-works,United Kingdom,1988
Teenage Mutant Ninja Turtles 2: Battle Nexus,2004,129,Konami,https://www.igdb.com/companies/konami,Japan,1969
Teenage Mutant Ninja Turtles 2: Battle Nexus,2004,161,Konami Digital Entertainment,https://www.igdb.com/companies/konami-digital-entertainment,Japan,2006
Teenage Mutant Ninja Turtles 3: Mutant Nightmare,2005,129,Konami,https://www.igdb.com/companies/konami,Japan,1969
Teenage Mutant Ninja Turtles 3: Mutant Nightmare,2005,161,Konami Digital Entertainment,https://www.igdb.com/companies/konami-digital-entertainment,Japan,2006
Teenage Mutant Ninja Turtles II: Back from the Sewers,1991,129,Konami,https://www.igdb.com/companies/konami,Japan,1969
Teenage Mutant Ninja Turtles: Danger of the Ooze,2014,66,Activision,https://www.igdb.com/companies/activision,United States,1979
Teenage Mutant Ninja Turtles: Danger of the Ooze,2014,28729,WayForward,https://www.igdb.com/companies/wayforward,United States,1990
Teenage Mutant Ninja Turtles: Mutants in Manhattan,2016,852,PlatinumGames,https://www.igdb.com/companies/platinumgames,Japan,2007
Teenage Mutant Ninja Turtles: Mutants in Manhattan,2016,66,Activision,https://www.igdb.com/companies/activision,United States,1979
Teenage Mutant Ninja Turtles: Smash-Up,2009,1151,Game Arts,https://www.igdb.com/companies/game-arts,Japan,1985
Teenage Mutant Ninja Turtles: Smash-Up,2009,4266,Toylogic,https://www.igdb.com/companies/toylogic,,
Teenage Mutant Ninja Turtles: Smash-Up,2009,15843,Y'sk,https://www.igdb.com/companies/ysk,,
Tekken 3D: Prime Edition,2012,803,"Arika Co., Ltd.",https://www.igdb.com/companies/arika-co-dot-ltd,Japan,1995
Tekken 3D: Prime Edition,2012,6330,Namco Bandai Games,https://www.igdb.com/companies/namco-bandai-games,Japan,2006
Tekken Advance,2001,263,Namco,https://www.igdb.com/companies/namco,Japan,1969
Tekken Advance,2001,213,Infogrames,https://www.igdb.com/companies/infogrames,France,1983
Tenchu 2: Birth of the Stealth Assassins,2000,66,Activision,https://www.igdb.com/companies/activision,United States,1979
Tenchu 2: Birth of the Stealth Assassins,2000,1383,ACQUIRE Corp.,https://www.igdb.com/companies/acquire-corp,Japan,1994
Tenchu: Fatal Shadows,2004,2325,K2 LLC,https://www.igdb.com/companies/k2-llc,,
Tenchu: Fatal Shadows,2004,1012,FromSoftware,https://www.igdb.com/companies/fromsoftware,Japan,1986
Tenchu: Fatal Shadows,2004,112,Sega,https://www.igdb.com/companies/sega,Japan,2020
Tenchu: Shadow Assassins,2008,1012,FromSoftware,https://www.igdb.com/companies/fromsoftware,Japan,1986
Tenchu: Shadow Assassins,2008,1383,ACQUIRE Corp.,https://www.igdb.com/companies/acquire-corp,Japan,1994
Tenchu: Wrath of Heaven,2003,66,Activision,https://www.igdb.com/companies/activision,United States,1979
Tenchu: Wrath of Heaven,2003,1012,FromSoftware,https://www.igdb.com/companies/fromsoftware,Japan,1986
Tenchu: Wrath of Heaven,2003,2325,K2 LLC,https://www.igdb.com/companies/k2-llc,,
Terminator 3: Rise of the Machines,2003,877,Black Ops Entertainment,https://www.igdb.com/companies/black-ops-entertainment,,
Terminator 3: Rise of the Machines,2003,88,Shiny Entertainment,https://www.igdb.com/companies/shiny-entertainment,United States,1993
Terminator 3: Rise of the Machines,2003,2406,"Atari, Inc.",https://www.igdb.com/companies/atari-inc,United States,2003
Terminator 3: The Redemption,2004,1278,Paradigm Entertainment,https://www.igdb.com/companies/paradigm-entertainment,,
Terminator 3: The Redemption,2004,2406,"Atari, Inc.",https://www.igdb.com/companies/atari-inc,United States,2003
Terminator Salvation,2009,842,GRIN,https://www.igdb.com/companies/grin,Sweden,1997
Terminator Salvation,2009,1968,Evolved Games,https://www.igdb.com/companies/evolved-games,,
Terranigma,1995,70,Nintendo,https://www.igdb.com/companies/nintendo,Japan,1969
Terranigma,1995,1854,Enix Corporation,https://www.igdb.com/companies/enix-corporation,Japan,1975
Terranigma,1995,1415,Quintet,https://www.igdb.com/companies/quintet,Japan,1989
Terranigma,1995,25230,St. GIGA,https://www.igdb.com/companies/st-giga,,
Terraria,2011,3010,Headup Games,https://www.igdb.com/companies/headup-games,Germany,
Terraria,2011,14238,Codeglue,https://www.igdb.com/companies/codeglue,Netherlands,
Terraria,2011,910,Re-Logic,https://www.igdb.com/companies/re-logic,United States,2010
Terraria,2011,2390,Engine Software,https://www.igdb.com/companies/engine-software,Netherlands,
Terraria,2011,11034,Pipeworks Studio,https://www.igdb.com/companies/pipeworks-studio,,
Terraria,2011,445,505 Games,https://www.igdb.com/companies/505-games,United States,2006
Terraria,2011,8794,DR Studios,https://www.igdb.com/companies/dr-studios,United Kingdom,
Terraria,2011,8794,DR Studios,https://www.igdb.com/companies/dr-studios,United Kingdom,
Terraria,2011,2390,Engine Software,https://www.igdb.com/companies/engine-software,Netherlands,
Test Drive Unlimited,2006,2053,Eden Games,https://www.igdb.com/companies/eden-games,France,2015
Test Drive Unlimited,2006,2406,"Atari, Inc.",https://www.igdb.com/companies/atari-inc,United States,2003
Tetris,1988,70,Nintendo,https://www.igdb.com/companies/nintendo,Japan,1969
Tetris,1988,33804,Playtronic,https://www.igdb.com/companies/playtronic,Brazil,1993
Tetris 2,1993,70,Nintendo,https://www.igdb.com/companies/nintendo,Japan,1969
Tetris 2,1993,1809,Nintendo R&D1,https://www.igdb.com/companies/nintendo-r-d1,Japan,1970
Tetris 2,1993,341,Bullet-Proof Software,https://www.igdb.com/companies/bullet-proof-software,Japan,1983
Tetris 2,1993,33804,Playtronic,https://www.igdb.com/companies/playtronic,Brazil,1993
Tetris 2,1993,20579,"TOSE Co., Ltd.",https://www.igdb.com/companies/tose-co-dot-ltd--1,,
Tetris Attack,1996,765,"Intelligent Systems Co., Ltd.",https://www.igdb.com/companies/intelligent-systems-co-dot-ltd,Japan,1986
Tetris Attack,1996,70,Nintendo,https://www.igdb.com/companies/nintendo,Japan,1969
Tetris Attack,1996,1809,Nintendo R&D1,https://www.igdb.com/companies/nintendo-r-d1,Japan,1970
Tetris Attack,1996,33804,Playtronic,https://www.igdb.com/companies/playtronic,Brazil,1993
Tetris DS,2006,70,Nintendo,https://www.igdb.com/companies/nintendo,Japan,1969
Tetris DS,2006,866,Nintendo SPD Production Group No. 2,https://www.igdb.com/companies/nintendo-spd-production-group-no-2,Japan,2003
Tetris DX,1998,70,Nintendo,https://www.igdb.com/companies/nintendo,Japan,1969
Tetris DX,1998,812,Gradiente,https://www.igdb.com/companies/gradiente,Brazil,1969
Tetris Evolution,2007,197,THQ,https://www.igdb.com/companies/thq,United States,1989
Tetris Evolution,2007,1695,Mass Media Inc,https://www.igdb.com/companies/mass-media-inc,United States,1986
Tetris Plus,1996,18277,Jaleco Ltd.,https://www.igdb.com/companies/jaleco-ltd,,
Tetris Worlds,2001,197,THQ,https://www.igdb.com/companies/thq,United States,1989
Tetris Worlds,2001,444,Radical Entertainment,https://www.igdb.com/companies/radical-entertainment,Canada,1991
Tetris Worlds,2001,2048,Blue Planet Software,https://www.igdb.com/companies/blue-planet-software,United States,
Tetris Worlds,2001,1824,3d6 Games,https://www.igdb.com/companies/3d6-games,United States,1999
Tetrisphere,1997,70,Nintendo,https://www.igdb.com/companies/nintendo,Japan,1969
Tetrisphere,1997,1749,H2O Entertainment,https://www.igdb.com/companies/h2o-entertainment,,
The 3rd Birthday,2010,2670,HexaDrive,https://www.igdb.com/companies/hexadrive,Japan,2007
The 3rd Birthday,2010,26,Square Enix,https://www.igdb.com/companies/square-enix,Japan,2003
The Adventures of Jimmy Neutron Boy Genius: Attack of the Twonkies,2004,1302,THQ Studio Australia,https://www.igdb.com/companies/thq-studio-australia,,
The Adventures of Jimmy Neutron Boy Genius: Attack of the Twonkies,2004,197,THQ,https://www.igdb.com/companies/thq,United States,1989
The Adventures of Jimmy Neutron Boy Genius: Jet Fusion,2003,385,Krome Studios,https://www.igdb.com/companies/krome-studios,Australia,1999
The Adventures of Jimmy Neutron Boy Genius: Jet Fusion,2003,197,THQ,https://www.igdb.com/companies/thq,United States,1989
The Adventures of Lomax,1996,764,Psygnosis,https://www.igdb.com/companies/psygnosis,United Kingdom,1984
The Ant Bully,2006,1241,Artificial Mind & Movement,https://www.igdb.com/companies/artificial-mind-movement,Canada,2000
The Ant Bully,2006,327,Midway Games,https://www.igdb.com/companies/midway-games,United States,1969
The Backyardigans,2009,8,2K Games,https://www.igdb.com/companies/2k-games,United States,2005
The Bard's Tale,2004,393,inXile Entertainment,https://www.igdb.com/companies/inxile-entertainment,United States,2002
The Bard's Tale,2004,815,Vivendi Universal Games,https://www.igdb.com/companies/vivendi-universal-games,United States,2001
The Beatles: Rock Band,2009,1261,MTV Games,https://www.igdb.com/companies/mtv-games,,
The Beatles: Rock Band,2009,843,Harmonix Music Systems,https://www.igdb.com/companies/harmonix-music-systems,United States,1995
The Beatles: Rock Band,2009,362,Pi Studios,https://www.igdb.com/companies/pi-studios,,
The Book of Unwritten Tales 2,2015,593,The Adventure Company,https://www.igdb.com/companies/the-adventure-company,Canada,2002
The Book of Unwritten Tales 2,2015,753,Nordic Games Publishing,https://www.igdb.com/companies/nordic-games-publishing,Austria,2008
The Book of Unwritten Tales 2,2015,7416,Nordic Games Group,https://www.igdb.com/companies/nordic-games-group,Sweden,1993
The Book of Unwritten Tales 2,2015,2397,King Art,https://www.igdb.com/companies/king-art,Germany,2000
The Book of Unwritten Tales 2,2015,10075,THQ Nordic,https://www.igdb.com/companies/thq-nordic,Austria,2016
The Book of Unwritten Tales: The Critter Chronicles,2011,2397,King Art,https://www.igdb.com/companies/king-art,Germany,2000
The Book of Unwritten Tales: The Critter Chronicles,2011,753,Nordic Games Publishing,https://www.igdb.com/companies/nordic-games-publishing,Austria,2008
The Bouncer,2000,2028,DreamFactory,https://www.igdb.com/companies/dreamfactory,,
The Bouncer,2000,252,Square Electronic Arts,https://www.igdb.com/companies/square-electronic-arts,,
The Bouncer,2000,334,Sony Computer Entertainment Europe,https://www.igdb.com/companies/sony-computer-entertainment-europe,,
The Bouncer,2000,250,Square,https://www.igdb.com/companies/square,Japan,1983
The Bureau: XCOM Declassified,2013,15,2K Marin,https://www.igdb.com/companies/2k-marin,United States,2007
The Bureau: XCOM Declassified,2013,8,2K Games,https://www.igdb.com/companies/2k-games,United States,2005
The Chronicles of Narnia: Prince Caspian,2008,2129,Noviy Disk,https://www.igdb.com/companies/noviy-disk,Russian Federation,1997
The Chronicles of Narnia: Prince Caspian,2008,292,Traveller's Tales,https://www.igdb.com/companies/traveller-s-tales,United Kingdom,1989
The Chronicles of Narnia: Prince Caspian,2008,426,Disney Interactive Studios,https://www.igdb.com/companies/disney-interactive-studios,United States,1988
The Chronicles of Riddick: Assault on Dark Athena,2009,2406,"Atari, Inc.",https://www.igdb.com/companies/atari-inc,United States,2003
The Chronicles of Riddick: Assault on Dark Athena,2009,281,Tigon Studios,https://www.igdb.com/companies/tigon-studios,,
The Chronicles of Riddick: Assault on Dark Athena,2009,280,Starbreeze Studios,https://www.igdb.com/companies/starbreeze-studios,Sweden,2002
The Chronicles of Riddick: Assault on Dark Athena,2009,3023,Virtual Programming,https://www.igdb.com/companies/virtual-programming,United Kingdom,2000
The Club,2008,112,Sega,https://www.igdb.com/companies/sega,Japan,2020
The Club,2008,1208,Bizarre Creations,https://www.igdb.com/companies/bizarre-creations,United Kingdom,1988
The Conduit,2009,112,Sega,https://www.igdb.com/companies/sega,Japan,2020
The Conduit,2009,392,High Voltage Software,https://www.igdb.com/companies/high-voltage-software,United States,1993
The Conduit,2009,2134,War Drum Studios,https://www.igdb.com/companies/war-drum-studios,United States,2007
The Conduit,2009,392,High Voltage Software,https://www.igdb.com/companies/high-voltage-software,United States,1993
The Crew,2014,1062,Ivory Tower,https://www.igdb.com/companies/ivory-tower,France,2007
The Crew,2014,433,Ubisoft Reflections,https://www.igdb.com/companies/ubisoft-reflections,United Kingdom,1984
The Crew,2014,104,Ubisoft Entertainment,https://www.igdb.com/companies/ubisoft-entertainment,,1986
The Croods: Prehistoric Party!,2013,690,Torus Games,https://www.igdb.com/companies/torus-games,Australia,1994
The Croods: Prehistoric Party!,2013,5222,D3Publisher,https://www.igdb.com/companies/d3publisher,,
The Crow: City of Angels,1997,287,Acclaim Entertainment,https://www.igdb.com/companies/acclaim-entertainment,United States,1987
The Crow: City of Angels,1997,483,Gray Matter,https://www.igdb.com/companies/gray-matter,,
The Da Vinci Code,2006,8,2K Games,https://www.igdb.com/companies/2k-games,United States,2005
The Da Vinci Code,2006,271,The Collective,https://www.igdb.com/companies/the-collective,United States,1997
The Darkness,2007,280,Starbreeze Studios,https://www.igdb.com/companies/starbreeze-studios,Sweden,2002
The Darkness,2007,8,2K Games,https://www.igdb.com/companies/2k-games,United States,2005
The Darkness II,2012,8,2K Games,https://www.igdb.com/companies/2k-games,United States,2005
The Darkness II,2012,17,Digital Extremes,https://www.igdb.com/companies/digital-extremes,Canada,1993
The Dog Island,2007,14321,Yuke's,https://www.igdb.com/companies/yukes,Japan,1993
The Dukes of Hazzard: Return of the General Lee,2004,2556,Ratbag Games,https://www.igdb.com/companies/ratbag-games,,
The Dukes of Hazzard: Return of the General Lee,2004,104,Ubisoft Entertainment,https://www.igdb.com/companies/ubisoft-entertainment,,1986
The Elder Scrolls III: Morrowind,2002,126,Bethesda Game Studios,https://www.igdb.com/companies/bethesda-game-studios,United States,2001
The Elder Scrolls III: Morrowind,2002,245,ZeniMax Media,https://www.igdb.com/companies/zenimax-media,United States,1999
The Elder Scrolls III: Morrowind,2002,16565,Bethesda Softworks,https://www.igdb.com/companies/bethesda-softworks,United States,1986
The Elder Scrolls IV: Oblivion,2006,126,Bethesda Game Studios,https://www.igdb.com/companies/bethesda-game-studios,United States,2001
The Elder Scrolls IV: Oblivion,2006,279,4J Studios,https://www.igdb.com/companies/4j-studios,United Kingdom,2005
The Elder Scrolls IV: Oblivion,2006,8,2K Games,https://www.igdb.com/companies/2k-games,United States,2005
The Elder Scrolls IV: Oblivion,2006,1053,Spike,https://www.igdb.com/companies/spike,Japan,1991
The Elder Scrolls IV: Oblivion,2006,16565,Bethesda Softworks,https://www.igdb.com/companies/bethesda-softworks,United States,1986
The Elder Scrolls Online,2014,851,ZeniMax Online Studios,https://www.igdb.com/companies/zenimax-online-studios,United States,2007
The Elder Scrolls Online,2014,16565,Bethesda Softworks,https://www.igdb.com/companies/bethesda-softworks,United States,1986
The Elder Scrolls V: Skyrim,2011,126,Bethesda Game Studios,https://www.igdb.com/companies/bethesda-game-studios,United States,2001
The Elder Scrolls V: Skyrim,2011,16565,Bethesda Softworks,https://www.igdb.com/companies/bethesda-softworks,United States,1986
The Evil Within,2014,2145,Tango Gameworks,https://www.igdb.com/companies/tango-gameworks,Japan,2010
The Evil Within,2014,3980,The Workshop Entertainment,https://www.igdb.com/companies/the-workshop-entertainment,United States,2007
The Evil Within,2014,16565,Bethesda Softworks,https://www.igdb.com/companies/bethesda-softworks,United States,1986
The Fast and the Furious,2006,1001,Eutechnyx,https://www.igdb.com/companies/eutechnyx,United Kingdom,1996
The Fast and the Furious,2006,29930,Bandai Namco Entertainment Inc.,https://www.igdb.com/companies/bandai-namco-entertainment-inc,,
The Fast and the Furious,2006,423,Deep Silver,https://www.igdb.com/companies/deep-silver,Germany,2002
The Fifth Element,1998,1779,Kalisto Entertainment,https://www.igdb.com/companies/kalisto-entertainment,France,
The Fifth Element,1998,66,Activision,https://www.igdb.com/companies/activision,United States,1979
The Fight: Lights Out,2010,2297,ColdWood Interactive,https://www.igdb.com/companies/coldwood-interactive,Sweden,
The Fight: Lights Out,2010,13634,Sony Computer Entertainment,https://www.igdb.com/companies/sony-computer-entertainment,Japan,1993
The Final Fantasy Legend,1989,251,Sunsoft,https://www.igdb.com/companies/sunsoft,Japan,
The Final Fantasy Legend,1989,250,Square,https://www.igdb.com/companies/square,Japan,1983
The Getaway,2002,4177,Team Soho,https://www.igdb.com/companies/team-soho,United Kingdom,2001
The Getaway,2002,907,Sony Computer Entertainment of America,https://www.igdb.com/companies/sony-computer-entertainment-of-america,United States,
The Getaway,2002,334,Sony Computer Entertainment Europe,https://www.igdb.com/companies/sony-computer-entertainment-europe,,
The Getaway,2002,37,Capcom,https://www.igdb.com/companies/capcom,Japan,1979
The Getaway: Black Monday,2004,1033,SCE London Studio,https://www.igdb.com/companies/sce-london-studio,United Kingdom,2001
The Getaway: Black Monday,2004,334,Sony Computer Entertainment Europe,https://www.igdb.com/companies/sony-computer-entertainment-europe,,
The Getaway: Black Monday,2004,907,Sony Computer Entertainment of America,https://www.igdb.com/companies/sony-computer-entertainment-of-america,United States,
The Getaway: Black Monday,2004,112,Sega,https://www.igdb.com/companies/sega,Japan,2020
The Godfather,2006,227,U.S. Gold,https://www.igdb.com/companies/u-s-gold,United Kingdom,1984
The Godfather II,2009,1,Electronic Arts,https://www.igdb.com/companies/electronic-arts,United States,1982
The Godfather II,2009,11,EA Redwood Shores,https://www.igdb.com/companies/ea-redwood-shores,United States,1998
The Godfather II,2009,3121,1C-SoftClub,https://www.igdb.com/companies/1c-softclub,Russian Federation,1994
The Godfather: Blackhand Edition,2007,1,Electronic Arts,https://www.igdb.com/companies/electronic-arts,United States,1982
The Golden Compass,2007,112,Sega,https://www.igdb.com/companies/sega,Japan,2020
The Golden Compass,2007,88,Shiny Entertainment,https://www.igdb.com/companies/shiny-entertainment,United States,1993
The Golden Compass,2007,1336,A2M,https://www.igdb.com/companies/a2m,,
The Granstream Saga,1997,9860,Arc Entertainment,https://www.igdb.com/companies/arc-entertainment,,
The Granstream Saga,1997,197,THQ,https://www.igdb.com/companies/thq,United States,1989
The Granstream Saga,1997,2206,Shade,https://www.igdb.com/companies/shade,Japan,
The Granstream Saga,1997,13634,Sony Computer Entertainment,https://www.igdb.com/companies/sony-computer-entertainment,Japan,1993
The Great Escape,2003,1936,Gotham Games,https://www.igdb.com/companies/gotham-games,,
The Great Escape,2003,485,SCi Games,https://www.igdb.com/companies/sci-games,,
The Great Escape,2003,782,Marvelous Entertainment,https://www.igdb.com/companies/marvelous-entertainment,Japan,1997
The Great Escape,2003,1935,Pivotal Games,https://www.igdb.com/companies/pivotal-games,United Kingdom,
The Grim Adventures of Billy & Mandy,2006,327,Midway Games,https://www.igdb.com/companies/midway-games,United States,1969
The Grim Adventures of Billy & Mandy,2006,379,Full Fat,https://www.igdb.com/companies/full-fat,United Kingdom,1996
The Grim Adventures of Billy & Mandy,2006,392,High Voltage Software,https://www.igdb.com/companies/high-voltage-software,United States,1993
The Guided Fate Paradox,2013,1405,Nippon Ichi Software,https://www.igdb.com/companies/nippon-ichi-software,Japan,1991
The Guided Fate Paradox,2013,2262,NIS America,https://www.igdb.com/companies/nis-america,United States,2003
The Gunstringer,2011,24924,Twisted Pixel Games,https://www.igdb.com/companies/twisted-pixel-games,,
The Gunstringer,2011,1010,Microsoft Studios,https://www.igdb.com/companies/microsoft-studios,,2011
The History Channel: Battle for the Pacific,2007,1488,Activision Value,https://www.igdb.com/companies/activision-value,United States,1979
The History Channel: Battle for the Pacific,2007,1487,Cauldron HQ,https://www.igdb.com/companies/cauldron-hq,Slovakia,1996
The History Channel: Civil War - A Nation Divided,2006,1488,Activision Value,https://www.igdb.com/companies/activision-value,United States,1979
The History Channel: Civil War - A Nation Divided,2006,1487,Cauldron HQ,https://www.igdb.com/companies/cauldron-hq,Slovakia,1996
The Hobbit,2003,24,Sierra Entertainment,https://www.igdb.com/companies/sierra-entertainment,United States,1979
The Hobbit,2003,147,Vivendi Universal,https://www.igdb.com/companies/vivendi-universal,,
The Hobbit,2003,1961,Inevitable Entertainment,https://www.igdb.com/companies/inevitable-entertainment,,
The House of the Dead: Overkill,2009,112,Sega,https://www.igdb.com/companies/sega,Japan,2020
The House of the Dead: Overkill,2009,2202,Headstrong Games,https://www.igdb.com/companies/headstrong-games,United Kingdom,2008
The Incredible Hulk,2008,112,Sega,https://www.igdb.com/companies/sega,Japan,2020
The Incredible Hulk,2008,223,Edge of Reality,https://www.igdb.com/companies/edge-of-reality,United States,1998
The Incredible Hulk,2008,1326,Amaze Entertainment,https://www.igdb.com/companies/amaze-entertainment--2,United States,1996
The Incredible Hulk: Ultimate Destruction,2005,24,Sierra Entertainment,https://www.igdb.com/companies/sierra-entertainment,United States,1979
The Incredible Hulk: Ultimate Destruction,2005,444,Radical Entertainment,https://www.igdb.com/companies/radical-entertainment,Canada,1991
The Incredibles,2004,895,Heavy Iron Studios,https://www.igdb.com/companies/heavy-iron-studios,United States,1999
The Incredibles,2004,197,THQ,https://www.igdb.com/companies/thq,United States,1989
The Incredibles: Rise of the Underminer,2005,197,THQ,https://www.igdb.com/companies/thq,United States,1989
The Incredibles: Rise of the Underminer,2005,895,Heavy Iron Studios,https://www.igdb.com/companies/heavy-iron-studios,United States,1999
The Inner World,2013,3010,Headup Games,https://www.igdb.com/companies/headup-games,Germany,
The Inner World,2013,3009,Studio Fizbin,https://www.igdb.com/companies/studio-fizbin,Germany,
The King of Fighters '94,1994,1474,SNK,https://www.igdb.com/companies/snk,Japan,1978
The King of Fighters '95,1995,1474,SNK,https://www.igdb.com/companies/snk,Japan,1978
The King of Fighters '95,1995,1474,SNK,https://www.igdb.com/companies/snk,Japan,1978
The King of Fighters '95,1995,10095,Gaibrain,https://www.igdb.com/companies/gaibrain,,
The King of Fighters '95,1995,13634,Sony Computer Entertainment,https://www.igdb.com/companies/sony-computer-entertainment,Japan,1993
The King of Fighters '96,1996,1474,SNK,https://www.igdb.com/companies/snk,Japan,1978
The King of Fighters 2002: Unlimited Match,2009,7700,Code Mystics,https://www.igdb.com/companies/code-mystics,,
The King of Fighters 2002: Unlimited Match,2009,2582,SNK Playmore,https://www.igdb.com/companies/snk-playmore,Japan,
The King of Fighters 2002: Unlimited Match,2009,1474,SNK,https://www.igdb.com/companies/snk,Japan,1978
The King of Fighters 2006,2006,2582,SNK Playmore,https://www.igdb.com/companies/snk-playmore,Japan,
The King of Fighters 2006,2006,833,Ignition Entertainment,https://www.igdb.com/companies/ignition-entertainment,,
The King of Fighters XII,2009,2582,SNK Playmore,https://www.igdb.com/companies/snk-playmore,Japan,
The King of Fighters XII,2009,833,Ignition Entertainment,https://www.igdb.com/companies/ignition-entertainment,,
The King of Fighters XIV,2016,2488,Atlus USA,https://www.igdb.com/companies/atlus-usa,United States,1991
The King of Fighters XIV,2016,423,Deep Silver,https://www.igdb.com/companies/deep-silver,Germany,2002
The King of Fighters XIV,2016,2345,Abstraction Games,https://www.igdb.com/companies/abstraction-games,Netherlands,2007
The King of Fighters XIV,2016,1474,SNK,https://www.igdb.com/companies/snk,Japan,1978
The King of Fighters XIV,2016,1474,SNK,https://www.igdb.com/companies/snk,Japan,1978
