name,year,company_id,company_name,company_url,company_country,company_startyear
Racing Lagoon,1999,250,Square,https://www.igdb.com/companies/square,Japan,1983
Radiant Historia,2010,818,Atlus,https://www.igdb.com/companies/atlus,Japan,1986
Radiant Historia,2010,2488,Atlus USA,https://www.igdb.com/companies/atlus-usa,United States,1991
Radiant Historia,2010,12367,Headlock,https://www.igdb.com/companies/headlock,,
Radiant Silvergun,1998,112,Sega,https://www.igdb.com/companies/sega,Japan,2020
Radiant Silvergun,1998,1794,ESP,https://www.igdb.com/companies/esp,,
Radiant Silvergun,1998,861,Treasure,https://www.igdb.com/companies/treasure,Japan,
Radiata Stories,2005,1983,tri-Ace,https://www.igdb.com/companies/tri-ace,Japan,1995
Radiata Stories,2005,1913,tri-Crescendo,https://www.igdb.com/companies/tri-crescendo,Japan,1999
Radiata Stories,2005,26,Square Enix,https://www.igdb.com/companies/square-enix,Japan,2003
Rage,2011,73,Aspyr Media,https://www.igdb.com/companies/aspyr-media,United States,1996
Rage,2011,184,id Software,https://www.igdb.com/companies/id-software,United States,1991
Rage,2011,16565,Bethesda Softworks,https://www.igdb.com/companies/bethesda-softworks,United States,1986
Raiden Fighters Aces,2008,1052,Valcon Games,https://www.igdb.com/companies/valcon-games,,
Raiden Fighters Aces,2008,313,Success Corporation,https://www.igdb.com/companies/success-corporation,Japan,1978
Raiden Fighters Aces,2008,2987,Guilti,https://www.igdb.com/companies/guilti,,
Raiden IV,2008,817,Taito,https://www.igdb.com/companies/taito,Japan,1969
Raiden IV,2008,3014,"MOSS Co., Ltd.",https://www.igdb.com/companies/moss-co-dot-ltd,Japan,1993
Raiden IV,2008,2100,UFO Interactive Software,https://www.igdb.com/companies/ufo-interactive-software,,
Raiders of the Lost Ark,1981,82,Atari,https://www.igdb.com/companies/atari,United States,1972
Railroad Tycoon 3,2003,204,Gathering of Developers,https://www.igdb.com/companies/gathering-of-developers,United States,1998
Railroad Tycoon 3,2003,207,PopTop Software,https://www.igdb.com/companies/poptop-software,United States,1993
Rampage 2: Universal Tour,1999,1309,Avalanche Software,https://www.igdb.com/companies/avalanche-software,United States,1995
Rampage 2: Universal Tour,1999,566,Midway,https://www.igdb.com/companies/midway,United States,1988
Rampage: Total Destruction,2006,566,Midway,https://www.igdb.com/companies/midway,United States,1988
Rampage: Total Destruction,2006,680,Pipeworks Software,https://www.igdb.com/companies/pipeworks-software,United States,1999
Rare Replay,2015,1010,Microsoft Studios,https://www.igdb.com/companies/microsoft-studios,,2011
Rare Replay,2015,771,Rare,https://www.igdb.com/companies/rare,United Kingdom,1985
Rare Replay,2015,33566,4th Kernel Studios,https://www.igdb.com/companies/4th-kernel-studios,,
Rare Replay,2015,7700,Code Mystics,https://www.igdb.com/companies/code-mystics,,
Rare Replay,2015,4449,Sprung Studios,https://www.igdb.com/companies/sprung-studios,Canada,2005
Rascal,1998,292,Traveller's Tales,https://www.igdb.com/companies/traveller-s-tales,United Kingdom,1989
Rascal,1998,764,Psygnosis,https://www.igdb.com/companies/psygnosis,United Kingdom,1984
Ratchet & Clank Future: A Crack in Time,2009,834,Insomniac Games,https://www.igdb.com/companies/insomniac-games,United States,1994
Ratchet & Clank Future: A Crack in Time,2009,13634,Sony Computer Entertainment,https://www.igdb.com/companies/sony-computer-entertainment,Japan,1993
Ratchet & Clank Future: Quest for Booty,2008,834,Insomniac Games,https://www.igdb.com/companies/insomniac-games,United States,1994
Ratchet & Clank Future: Quest for Booty,2008,13634,Sony Computer Entertainment,https://www.igdb.com/companies/sony-computer-entertainment,Japan,1993
Ratchet & Clank Future: Tools of Destruction,2007,834,Insomniac Games,https://www.igdb.com/companies/insomniac-games,United States,1994
Ratchet & Clank Future: Tools of Destruction,2007,13634,Sony Computer Entertainment,https://www.igdb.com/companies/sony-computer-entertainment,Japan,1993
Ratchet & Clank: All 4 One,2011,834,Insomniac Games,https://www.igdb.com/companies/insomniac-games,United States,1994
Ratchet & Clank: All 4 One,2011,13634,Sony Computer Entertainment,https://www.igdb.com/companies/sony-computer-entertainment,Japan,1993
Ratchet & Clank: Full Frontal Assault,2012,834,Insomniac Games,https://www.igdb.com/companies/insomniac-games,United States,1994
Ratchet & Clank: Full Frontal Assault,2012,13634,Sony Computer Entertainment,https://www.igdb.com/companies/sony-computer-entertainment,Japan,1993
Ratchet & Clank: Going Commando,2003,834,Insomniac Games,https://www.igdb.com/companies/insomniac-games,United States,1994
Ratchet & Clank: Going Commando,2003,13634,Sony Computer Entertainment,https://www.igdb.com/companies/sony-computer-entertainment,Japan,1993
Ratchet & Clank: Into the Nexus,2013,834,Insomniac Games,https://www.igdb.com/companies/insomniac-games,United States,1994
Ratchet & Clank: Into the Nexus,2013,13634,Sony Computer Entertainment,https://www.igdb.com/companies/sony-computer-entertainment,Japan,1993
Ratchet & Clank: Size Matters,2007,1864,High Impact Games,https://www.igdb.com/companies/high-impact-games,United States,2003
Ratchet & Clank: Size Matters,2007,13634,Sony Computer Entertainment,https://www.igdb.com/companies/sony-computer-entertainment,Japan,1993
Ratchet & Clank: Up Your Arsenal,2004,834,Insomniac Games,https://www.igdb.com/companies/insomniac-games,United States,1994
Ratchet & Clank: Up Your Arsenal,2004,13634,Sony Computer Entertainment,https://www.igdb.com/companies/sony-computer-entertainment,Japan,1993
Ratchet: Deadlocked,2005,834,Insomniac Games,https://www.igdb.com/companies/insomniac-games,United States,1994
Ratchet: Deadlocked,2005,13634,Sony Computer Entertainment,https://www.igdb.com/companies/sony-computer-entertainment,Japan,1993
Rave Master,2002,129,Konami,https://www.igdb.com/companies/konami,Japan,1969
Raving Rabbids: Travel in Time,2010,841,Ubisoft Paris,https://www.igdb.com/companies/ubisoft-paris,France,1992
Raving Rabbids: Travel in Time,2010,898,Ubisoft Casablanca,https://www.igdb.com/companies/ubisoft-casablanca,Morocco,1998
Raw Danger!,2006,1287,Irem,https://www.igdb.com/companies/irem,Japan,1974
Raw Danger!,2006,1566,Agetec,https://www.igdb.com/companies/agetec,,
Raw Danger!,2006,445,505 Games,https://www.igdb.com/companies/505-games,United States,2006
Ray Gigant,2015,248,Bandai Namco Entertainment,https://www.igdb.com/companies/bandai-namco-entertainment,Japan,2015
Ray Gigant,2015,6919,Acttil,https://www.igdb.com/companies/acttil,,
Ray Gigant,2015,5324,Experience Inc.,https://www.igdb.com/companies/experience-inc,Japan,2007
RayStorm,1997,820,Working Designs,https://www.igdb.com/companies/working-designs,United States,1986
RayStorm,1997,817,Taito,https://www.igdb.com/companies/taito,Japan,1969
Rayman,1995,41468,Ubi Pictures,https://www.igdb.com/companies/ubi-pictures,France,1994
Rayman,1995,104,Ubisoft Entertainment,https://www.igdb.com/companies/ubisoft-entertainment,,1986
Rayman 2: The Great Escape,1999,702,Ubisoft Montpellier,https://www.igdb.com/companies/ubisoft-montpellier,France,1994
Rayman 2: The Great Escape,1999,104,Ubisoft Entertainment,https://www.igdb.com/companies/ubisoft-entertainment,,1986
Rayman 2: The Great Escape,1999,812,Gradiente,https://www.igdb.com/companies/gradiente,Brazil,1969
Rayman 3,2003,7766,Ludifactory,https://www.igdb.com/companies/ludifactory,,
Rayman 3: Hoodlum Havoc,2003,398,Ubisoft Shanghai,https://www.igdb.com/companies/ubisoft-shanghai,China,1996
Rayman 3: Hoodlum Havoc,2003,702,Ubisoft Montpellier,https://www.igdb.com/companies/ubisoft-montpellier,France,1994
Rayman 3: Hoodlum Havoc,2003,23,Feral Interactive,https://www.igdb.com/companies/feral-interactive,United Kingdom,1996
Rayman 3: Hoodlum Havoc,2003,631,Zonic Limited,https://www.igdb.com/companies/zonic-limited,United Kingdom,1996
Rayman DS,2005,104,Ubisoft Entertainment,https://www.igdb.com/companies/ubisoft-entertainment,,1986
Rayman Legends,2013,702,Ubisoft Montpellier,https://www.igdb.com/companies/ubisoft-montpellier,France,1994
Rayman Legends,2013,104,Ubisoft Entertainment,https://www.igdb.com/companies/ubisoft-entertainment,,1986
Rayman Origins,2011,702,Ubisoft Montpellier,https://www.igdb.com/companies/ubisoft-montpellier,France,1994
Rayman Origins,2011,104,Ubisoft Entertainment,https://www.igdb.com/companies/ubisoft-entertainment,,1986
Rayman Raving Rabbids,2006,840,Ubisoft Sofia,https://www.igdb.com/companies/ubisoft-sofia,Bulgaria,2006
Rayman Raving Rabbids,2006,702,Ubisoft Montpellier,https://www.igdb.com/companies/ubisoft-montpellier,France,1994
Rayman Raving Rabbids,2006,104,Ubisoft Entertainment,https://www.igdb.com/companies/ubisoft-entertainment,,1986
Rayman Raving Rabbids 2,2007,841,Ubisoft Paris,https://www.igdb.com/companies/ubisoft-paris,France,1992
Rayman Raving Rabbids 2,2007,104,Ubisoft Entertainment,https://www.igdb.com/companies/ubisoft-entertainment,,1986
Raze's Hell,2005,700,Majesco Entertainment,https://www.igdb.com/companies/majesco-entertainment,United States,1986
Raze's Hell,2005,2609,Artech Studios,https://www.igdb.com/companies/artech-studios,,
Re-Volt,1999,1836,Throwback Entertainment,https://www.igdb.com/companies/throwback-entertainment,Canada,2006
Re-Volt,1999,287,Acclaim Entertainment,https://www.igdb.com/companies/acclaim-entertainment,United States,1987
Re-Volt,1999,1792,Acclaim Studios London,https://www.igdb.com/companies/acclaim-studios-london,United Kingdom,1984
Re-Volt,1999,1835,Big Bit Ltd,https://www.igdb.com/companies/big-bit-ltd,United Kingdom,2011
Re-Volt,1999,1837,We Go Interactive Co. Ltd,https://www.igdb.com/companies/we-go-interactive-co-ltd,"Korea, Republic of",2009
Real Heroes: Firefighter,2009,1795,Conspiracy Entertainment,https://www.igdb.com/companies/conspiracy-entertainment,United States,1997
Real Heroes: Firefighter,2009,2267,Epicenter Studios,https://www.igdb.com/companies/epicenter-studios,,
Real Heroes: Firefighter,2009,22443,Golem Entertainmen,https://www.igdb.com/companies/golem-entertainmen,,
Real Heroes: Firefighter,2009,3037,Maximum Games,https://www.igdb.com/companies/maximum-games,United States,2009
Real Heroes: Firefighter,2009,33349,"612 Entertainment, LLC",https://www.igdb.com/companies/612-entertainment-llc,,
Red Dead Redemption,2010,29,Rockstar Games,https://www.igdb.com/companies/rockstar-games,United States,
Red Dead Redemption,2010,365,Rockstar North,https://www.igdb.com/companies/rockstar-north,United Kingdom,2002
Red Dead Redemption,2010,364,Rockstar San Diego,https://www.igdb.com/companies/rockstar-san-diego,United States,2002
Red Dead Redemption,2010,139,Take-Two Interactive,https://www.igdb.com/companies/take-two-interactive,United States,1993
Red Dead Redemption: Undead Nightmare,2010,364,Rockstar San Diego,https://www.igdb.com/companies/rockstar-san-diego,United States,2002
Red Dead Redemption: Undead Nightmare,2010,365,Rockstar North,https://www.igdb.com/companies/rockstar-north,United Kingdom,2002
Red Dead Redemption: Undead Nightmare,2010,29,Rockstar Games,https://www.igdb.com/companies/rockstar-games,United States,
Red Dead Redemption: Undead Nightmare,2010,139,Take-Two Interactive,https://www.igdb.com/companies/take-two-interactive,United States,1993
Red Dead Revolver,2004,364,Rockstar San Diego,https://www.igdb.com/companies/rockstar-san-diego,United States,2002
Red Dead Revolver,2004,37,Capcom,https://www.igdb.com/companies/capcom,Japan,1979
Red Dead Revolver,2004,29,Rockstar Games,https://www.igdb.com/companies/rockstar-games,United States,
Red Dead Revolver,2004,139,Take-Two Interactive,https://www.igdb.com/companies/take-two-interactive,United States,1993
Red Dead Revolver,2004,37,Capcom,https://www.igdb.com/companies/capcom,Japan,1979
Red Faction,2001,7462,Volition,https://www.igdb.com/companies/volition,United States,1993
Red Faction,2001,197,THQ,https://www.igdb.com/companies/thq,United States,1989
Red Faction,2001,10075,THQ Nordic,https://www.igdb.com/companies/thq-nordic,Austria,2016
Red Faction,2001,523,Graphsim Entertainment,https://www.igdb.com/companies/graphsim-entertainment,,
Red Faction,2001,423,Deep Silver,https://www.igdb.com/companies/deep-silver,Germany,2002
Red Faction II,2002,197,THQ,https://www.igdb.com/companies/thq,United States,1989
Red Faction II,2002,2010,Cranky Pants Games,https://www.igdb.com/companies/cranky-pants-games,,
Red Faction II,2002,505,Outrage Games,https://www.igdb.com/companies/outrage-games,United States,1997
Red Faction II,2002,4027,Focus Multimedia,https://www.igdb.com/companies/focus-multimedia,,
Red Faction II,2002,7462,Volition,https://www.igdb.com/companies/volition,United States,1993
Red Faction: Armageddon,2011,197,THQ,https://www.igdb.com/companies/thq,United States,1989
Red Faction: Armageddon,2011,416,Syfy Games,https://www.igdb.com/companies/syfy-games,,
Red Faction: Armageddon,2011,7462,Volition,https://www.igdb.com/companies/volition,United States,1993
Red Faction: Guerrilla,2009,197,THQ,https://www.igdb.com/companies/thq,United States,1989
Red Faction: Guerrilla,2009,682,Reactor Zero,https://www.igdb.com/companies/reactor-zero,,
Red Faction: Guerrilla,2009,7462,Volition,https://www.igdb.com/companies/volition,United States,1993
Red Ninja: End of Honor,2005,80,Vivendi Games,https://www.igdb.com/companies/vivendi-games,United States,2006
Red Ninja: End of Honor,2005,2610,Tranji Studios,https://www.igdb.com/companies/tranji-studios,,
Red Orchestra 2: Heroes of Stalingrad,2011,743,Tripwire Interactive,https://www.igdb.com/companies/tripwire-interactive,United States,2005
Red Steel,2006,841,Ubisoft Paris,https://www.igdb.com/companies/ubisoft-paris,France,1992
Red Steel 2,2010,841,Ubisoft Paris,https://www.igdb.com/companies/ubisoft-paris,France,1992
Reign of Fire,2002,1125,Kuju Entertainment,https://www.igdb.com/companies/kuju-entertainment,United Kingdom,1998
Reign of Fire,2002,189,BAM! Entertainment,https://www.igdb.com/companies/bam-entertainment,United States,
Remember Me,2013,37,Capcom,https://www.igdb.com/companies/capcom,Japan,1979
Remember Me,2013,894,DON'T NOD,https://www.igdb.com/companies/dont-nod,France,2008
Resident Evil,1996,37,Capcom,https://www.igdb.com/companies/capcom,Japan,1979
Resident Evil,1996,17160,Virgin Interactive Entertainment,https://www.igdb.com/companies/virgin-interactive-entertainment,United Kingdom,1993
Resident Evil,1996,113,Westwood Studios,https://www.igdb.com/companies/westwood-studios,United States,1985
Resident Evil,1996,323,Nextech,https://www.igdb.com/companies/nextech,Japan,1994
Resident Evil,1996,42627,Capcom Planning Room 2,https://www.igdb.com/companies/capcom-planning-room-2,Japan,1988
Resident Evil 3: Nemesis,1999,4,Eidos Interactive,https://www.igdb.com/companies/eidos-interactive,United Kingdom,1996
Resident Evil 3: Nemesis,1999,651,Sourcenext,https://www.igdb.com/companies/sourcenext,,
Resident Evil 3: Nemesis,1999,17160,Virgin Interactive Entertainment,https://www.igdb.com/companies/virgin-interactive-entertainment,United Kingdom,1993
Resident Evil 3: Nemesis,1999,70,Nintendo,https://www.igdb.com/companies/nintendo,Japan,1969
Resident Evil 3: Nemesis,1999,42627,Capcom Planning Room 2,https://www.igdb.com/companies/capcom-planning-room-2,Japan,1988
Resident Evil 3: Nemesis,1999,37,Capcom,https://www.igdb.com/companies/capcom,Japan,1979
Resident Evil 4,2005,37,Capcom,https://www.igdb.com/companies/capcom,Japan,1979
Resident Evil 4,2005,663,Capcom Production Studio 4,https://www.igdb.com/companies/capcom-production-studio-4,Japan,1999
Resident Evil 5,2009,1099,Mercenary Technology,https://www.igdb.com/companies/mercenary-technology,,
Resident Evil 5,2009,37,Capcom,https://www.igdb.com/companies/capcom,Japan,1979
Resident Evil 5,2009,8593,K2,https://www.igdb.com/companies/k2,Japan,2000
Resident Evil 6,2012,774,QLOC,https://www.igdb.com/companies/qloc,Poland,2009
Resident Evil 6,2012,37,Capcom,https://www.igdb.com/companies/capcom,Japan,1979
Resident Evil Zero,2002,37,Capcom,https://www.igdb.com/companies/capcom,Japan,1979
Resident Evil Zero,2002,655,Capcom Production Studio 3,https://www.igdb.com/companies/capcom-production-studio-3,Japan,1999
Resident Evil: Dead Aim,2003,655,Capcom Production Studio 3,https://www.igdb.com/companies/capcom-production-studio-3,Japan,1999
Resident Evil: Dead Aim,2003,37,Capcom,https://www.igdb.com/companies/capcom,Japan,1979
Resident Evil: Dead Aim,2003,329,Cavia,https://www.igdb.com/companies/cavia,Japan,2000
Resident Evil: Deadly Silence,2006,17160,Virgin Interactive Entertainment,https://www.igdb.com/companies/virgin-interactive-entertainment,United Kingdom,1993
Resident Evil: Deadly Silence,2006,37,Capcom,https://www.igdb.com/companies/capcom,Japan,1979
Resident Evil: Deadly Silence,2006,663,Capcom Production Studio 4,https://www.igdb.com/companies/capcom-production-studio-4,Japan,1999
Resident Evil: Operation Raccoon City,2012,658,Slant Six Games,https://www.igdb.com/companies/slant-six-games,,
Resident Evil: Operation Raccoon City,2012,37,Capcom,https://www.igdb.com/companies/capcom,Japan,1979
Resident Evil: Operation Raccoon City,2012,774,QLOC,https://www.igdb.com/companies/qloc,Poland,2009
Resident Evil: Operation Raccoon City,2012,774,QLOC,https://www.igdb.com/companies/qloc,Poland,2009
Resident Evil: Outbreak,2003,37,Capcom,https://www.igdb.com/companies/capcom,Japan,1979
Resident Evil: Outbreak,2003,660,Capcom Production Studio 1,https://www.igdb.com/companies/capcom-production-studio-1,Japan,1999
Resident Evil: Revelations,2012,37,Capcom,https://www.igdb.com/companies/capcom,Japan,1979
Resident Evil: Revelations,2012,321,Tose,https://www.igdb.com/companies/tose,Japan,1979
Resident Evil: Revelations 2,2015,6970,Frima Studio,https://www.igdb.com/companies/frima-studio,Canada,
Resident Evil: Revelations 2,2015,37,Capcom,https://www.igdb.com/companies/capcom,Japan,1979
Resident Evil: Revelations 2,2015,13634,Sony Computer Entertainment,https://www.igdb.com/companies/sony-computer-entertainment,Japan,1993
Resident Evil: Revelations 2,2015,37,Capcom,https://www.igdb.com/companies/capcom,Japan,1979
Resident Evil: Survivor,2000,4,Eidos Interactive,https://www.igdb.com/companies/eidos-interactive,United Kingdom,1996
Resident Evil: Survivor,2000,37,Capcom,https://www.igdb.com/companies/capcom,Japan,1979
Resident Evil: Survivor,2000,321,Tose,https://www.igdb.com/companies/tose,Japan,1979
Resident Evil: Survivor,2000,655,Capcom Production Studio 3,https://www.igdb.com/companies/capcom-production-studio-3,Japan,1999
Resident Evil: The Darkside Chronicles,2009,329,Cavia,https://www.igdb.com/companies/cavia,Japan,2000
Resident Evil: The Darkside Chronicles,2009,37,Capcom,https://www.igdb.com/companies/capcom,Japan,1979
Resident Evil: The Mercenaries 3D,2011,37,Capcom,https://www.igdb.com/companies/capcom,Japan,1979
Resident Evil: The Mercenaries 3D,2011,321,Tose,https://www.igdb.com/companies/tose,Japan,1979
Resident Evil: The Umbrella Chronicles,2007,37,Capcom,https://www.igdb.com/companies/capcom,Japan,1979
Resident Evil: The Umbrella Chronicles,2007,329,Cavia,https://www.igdb.com/companies/cavia,Japan,2000
Resistance 2,2008,834,Insomniac Games,https://www.igdb.com/companies/insomniac-games,United States,1994
Resistance 2,2008,13634,Sony Computer Entertainment,https://www.igdb.com/companies/sony-computer-entertainment,Japan,1993
Resistance 3,2011,834,Insomniac Games,https://www.igdb.com/companies/insomniac-games,United States,1994
Resistance 3,2011,13634,Sony Computer Entertainment,https://www.igdb.com/companies/sony-computer-entertainment,Japan,1993
Resistance: Burning Skies,2012,182,Nihilistic Software,https://www.igdb.com/companies/nihilistic-software,United States,1998
Resistance: Burning Skies,2012,13634,Sony Computer Entertainment,https://www.igdb.com/companies/sony-computer-entertainment,Japan,1993
Resistance: Fall of Man,2006,834,Insomniac Games,https://www.igdb.com/companies/insomniac-games,United States,1994
Resistance: Fall of Man,2006,13634,Sony Computer Entertainment,https://www.igdb.com/companies/sony-computer-entertainment,Japan,1993
Resistance: Retribution,2009,726,SCE Bend Studio,https://www.igdb.com/companies/sce-bend-studio,United States,1993
Resistance: Retribution,2009,13634,Sony Computer Entertainment,https://www.igdb.com/companies/sony-computer-entertainment,Japan,1993
Resonance of Fate,2010,112,Sega,https://www.igdb.com/companies/sega,Japan,2020
Resonance of Fate,2010,1983,tri-Ace,https://www.igdb.com/companies/tri-ace,Japan,1995
Return to PopoloCrois: A Story of Seasons Fairytale,2015,2187,XSEED Games,https://www.igdb.com/companies/xseed-games--1,United States,2004
Return to PopoloCrois: A Story of Seasons Fairytale,2015,782,Marvelous Entertainment,https://www.igdb.com/companies/marvelous-entertainment,Japan,1997
Rez,2001,2009,United Game Artists,https://www.igdb.com/companies/united-game-artists,Japan,2000
Rez,2001,112,Sega,https://www.igdb.com/companies/sega,Japan,2020
Rhythm Tengoku,2006,2674,Nintendo SPD Production Group No. 1,https://www.igdb.com/companies/nintendo-spd-production-group-no-1,Japan,2003
Rhythm Tengoku,2006,26034,J.P.Room Recordings,https://www.igdb.com/companies/jproom-recordings,,
Rhythm Tengoku,2006,70,Nintendo,https://www.igdb.com/companies/nintendo,Japan,1969
Ribbit King,2003,617,Bandai,https://www.igdb.com/companies/bandai,Japan,1969
Ribbit King,2003,2951,Jamsworks,https://www.igdb.com/companies/jamsworks,,
Ribbit King,2003,3693,Infinity,https://www.igdb.com/companies/infinity,,
Ride,2015,4091,PQube,https://www.igdb.com/companies/pqube--1,United Kingdom,2009
Ride,2015,5024,Bandai Namco Holdings,https://www.igdb.com/companies/bandai-namco-holdings,Japan,2005
Ride,2015,592,Milestone,https://www.igdb.com/companies/milestone,Italy,1994
Ridge Racer,2011,3958,Bandai Namco Games,https://www.igdb.com/companies/bandai-namco-games,Japan,2014
Ridge Racer,2011,4522,Cellius,https://www.igdb.com/companies/cellius,,
Ridge Racer,2011,2928,Xeen,https://www.igdb.com/companies/xeen,,
Ridge Racer,2011,6330,Namco Bandai Games,https://www.igdb.com/companies/namco-bandai-games,Japan,2006
Ridge Racer Unbounded,2012,427,Bugbear Entertainment,https://www.igdb.com/companies/bugbear-entertainment,Finland,2000
Ridge Racer Unbounded,2012,248,Bandai Namco Entertainment,https://www.igdb.com/companies/bandai-namco-entertainment,Japan,2015
Ring of Red,2000,129,Konami,https://www.igdb.com/companies/konami,Japan,1969
Rio,2011,197,THQ,https://www.igdb.com/companies/thq,United States,1989
Rio,2011,425,Eurocom Entertainment Software,https://www.igdb.com/companies/eurocom-entertainment-software,United Kingdom,1988
Rise of Nations,2003,53,Microsoft Game Studios,https://www.igdb.com/companies/microsoft-game-studios,United States,2002
Rise of Nations,2003,579,Big Huge Games,https://www.igdb.com/companies/big-huge-games,United States,2000
Rise of Nations: Rise of Legends,2006,579,Big Huge Games,https://www.igdb.com/companies/big-huge-games,United States,2000
Rise of Nations: Rise of Legends,2006,53,Microsoft Game Studios,https://www.igdb.com/companies/microsoft-game-studios,United States,2002
Rise of the Kasai,2005,2538,BottleRocket Entertainment,https://www.igdb.com/companies/bottlerocket-entertainment,,
Rise of the Kasai,2005,27081,Sony Computer Entertainment America,https://www.igdb.com/companies/sony-computer-entertainment-america,,
Rise of the Kasai,2005,13634,Sony Computer Entertainment,https://www.igdb.com/companies/sony-computer-entertainment,Japan,1993
Rise of the Tomb Raider,2015,1010,Microsoft Studios,https://www.igdb.com/companies/microsoft-studios,,2011
Rise of the Tomb Raider,2015,552,Crystal Dynamics,https://www.igdb.com/companies/crystal-dynamics,United States,1992
Rise of the Tomb Raider,2015,4940,Square Enix Europe,https://www.igdb.com/companies/square-enix-europe,United Kingdom,2009
Risen,2009,423,Deep Silver,https://www.igdb.com/companies/deep-silver,Germany,2002
Risen,2009,1056,Piranha Bytes,https://www.igdb.com/companies/piranha-bytes,Germany,1997
Risen,2009,1168,WizarBox,https://www.igdb.com/companies/wizarbox,France,2004
Risen 2: Dark Waters,2012,1056,Piranha Bytes,https://www.igdb.com/companies/piranha-bytes,Germany,1997
Risen 2: Dark Waters,2012,423,Deep Silver,https://www.igdb.com/companies/deep-silver,Germany,2002
Risen 2: Dark Waters,2012,1377,Uber Entertainment,https://www.igdb.com/companies/uber-entertainment,United States,2008
Risen 3: Titan Lords,2014,1056,Piranha Bytes,https://www.igdb.com/companies/piranha-bytes,Germany,1997
Risen 3: Titan Lords,2014,423,Deep Silver,https://www.igdb.com/companies/deep-silver,Germany,2002
Riven: The Sequel to Myst,1997,195,Brøderbund Software,https://www.igdb.com/companies/broderbund-software,United States,1980
Riven: The Sequel to Myst,1997,287,Acclaim Entertainment,https://www.igdb.com/companies/acclaim-entertainment,United States,1987
Riven: The Sequel to Myst,1997,26323,Enix,https://www.igdb.com/companies/enix,Japan,
Riven: The Sequel to Myst,1997,326,Cyan Worlds,https://www.igdb.com/companies/cyan-worlds,United States,1987
Riven: The Sequel to Myst,1997,23993,Tec Toy,https://www.igdb.com/companies/tec-toy,Brazil,1987
Road Rash 64,1999,197,THQ,https://www.igdb.com/companies/thq,United States,1989
Road Rash 64,1999,1723,Pacific Coast Power & Light,https://www.igdb.com/companies/pacific-coast-power-light,,
Robin Hood: Defender of the Crown,2003,37,Capcom,https://www.igdb.com/companies/capcom,Japan,1979
Robin Hood: Defender of the Crown,2003,355,Zoo Digital,https://www.igdb.com/companies/zoo-digital,United Kingdom,1999
Robin Hood: Defender of the Crown,2003,750,Cinemaware,https://www.igdb.com/companies/cinemaware,,
Robopon 2: Cross Version,2001,864,Hudson Soft,https://www.igdb.com/companies/hudson-soft,Japan,1973
Robopon 2: Cross Version,2001,818,Atlus,https://www.igdb.com/companies/atlus,Japan,1986
Robopon 2: Cross Version,2001,1838,Red Company,https://www.igdb.com/companies/red-company,Japan,1976
Robopon 2: Ring Version,2001,864,Hudson Soft,https://www.igdb.com/companies/hudson-soft,Japan,1973
Robopon 2: Ring Version,2001,818,Atlus,https://www.igdb.com/companies/atlus,Japan,1986
Robopon 2: Ring Version,2001,1838,Red Company,https://www.igdb.com/companies/red-company,Japan,1976
Robot Alchemic Drive,2002,2481,Sandlot,https://www.igdb.com/companies/sandlot,,
Robot Alchemic Drive,2002,1854,Enix Corporation,https://www.igdb.com/companies/enix-corporation,Japan,1975
Robotech: Battlecry,2002,821,TDK Mediactive,https://www.igdb.com/companies/tdk-mediactive,,
Robotech: Battlecry,2002,448,Vicious Cycle Software,https://www.igdb.com/companies/vicious-cycle-software,,
Robotech: Invasion,2004,268,Global Star Software,https://www.igdb.com/companies/global-star-software,Canada,1992
Robotech: Invasion,2004,448,Vicious Cycle Software,https://www.igdb.com/companies/vicious-cycle-software,,
Robotech: The Macross Saga,2002,821,TDK Mediactive,https://www.igdb.com/companies/tdk-mediactive,,
Robotech: The Macross Saga,2002,1908,Lucky Chicken Games,https://www.igdb.com/companies/lucky-chicken-games,,
Robotics;Notes,2012,2428,5pb.,https://www.igdb.com/companies/5pb,Japan,2005
Robotron 64,1998,1777,Player 1,https://www.igdb.com/companies/player-1,,
Robotron 64,1998,667,Crave Entertainment,https://www.igdb.com/companies/crave-entertainment,United States,1997
Robotron 64,1998,205,GT Interactive Software,https://www.igdb.com/companies/gt-interactive-software,United States,1993
Robots,2005,425,Eurocom Entertainment Software,https://www.igdb.com/companies/eurocom-entertainment-software,United Kingdom,1988
Robots,2005,24,Sierra Entertainment,https://www.igdb.com/companies/sierra-entertainment,United States,1979
Robots,2005,461,Fox Interactive,https://www.igdb.com/companies/fox-interactive,,
Rock N' Roll Racing,1993,5,Interplay Entertainment,https://www.igdb.com/companies/interplay-entertainment,United States,1983
Rock N' Roll Racing,1993,263,Namco,https://www.igdb.com/companies/namco,Japan,1969
Rock N' Roll Racing,1993,278,Silicon & Synapse,https://www.igdb.com/companies/silicon-synapse,United States,
Rock N' Roll Racing,1993,33804,Playtronic,https://www.igdb.com/companies/playtronic,Brazil,1993
Rock of the Dead,2010,1795,Conspiracy Entertainment,https://www.igdb.com/companies/conspiracy-entertainment,United States,1997
Rock of the Dead,2010,2100,UFO Interactive Software,https://www.igdb.com/companies/ufo-interactive-software,,
Rock of the Dead,2010,2267,Epicenter Studios,https://www.igdb.com/companies/epicenter-studios,,
Rocket Power: Team Rocket Rescue,2001,197,THQ,https://www.igdb.com/companies/thq,United States,1989
Rocket Power: Team Rocket Rescue,2001,4031,Darkblack,https://www.igdb.com/companies/darkblack,,
Rocket: Robot on Wheels,1999,403,Sucker Punch Productions,https://www.igdb.com/companies/sucker-punch-productions,United States,1997
Rocky,2002,2013,MGM Interactive,https://www.igdb.com/companies/mgm-interactive,,
Rocky,2002,2014,Steel Monkeys,https://www.igdb.com/companies/steel-monkeys,,
Rocky,2002,543,Rage Software,https://www.igdb.com/companies/rage-software,United Kingdom,1992
Rogue Galaxy,2005,837,LEVEL-5,https://www.igdb.com/companies/level-5,Japan,1998
Rogue Galaxy,2005,400,SCE Japan Studio,https://www.igdb.com/companies/sce-japan-studio,Japan,1993
Rogue Galaxy,2005,13634,Sony Computer Entertainment,https://www.igdb.com/companies/sony-computer-entertainment,Japan,1993
Rogue Ops,2003,1281,Kemco,https://www.igdb.com/companies/kemco,Japan,1984
Rogue Ops,2003,1330,Bits Studios,https://www.igdb.com/companies/bits-studios,,
Rogue Trip: Vacation 2012,1998,11644,SingleTrac,https://www.igdb.com/companies/singletrac,,
Rogue Trip: Vacation 2012,1998,205,GT Interactive Software,https://www.igdb.com/companies/gt-interactive-software,United States,1993
Rogue Trooper,2006,4,Eidos Interactive,https://www.igdb.com/companies/eidos-interactive,United Kingdom,1996
Rogue Trooper,2006,318,Rebellion Developments,https://www.igdb.com/companies/rebellion-developments,United Kingdom,1992
Rogue Trooper,2006,1901,Reef Entertainment,https://www.igdb.com/companies/reef-entertainment,,
Rogue Trooper,2006,2822,Graffiti Entertainment,https://www.igdb.com/companies/graffiti-entertainment,United States,
Rogue Trooper,2006,318,Rebellion Developments,https://www.igdb.com/companies/rebellion-developments,United Kingdom,1992
Rogue Warrior,2009,318,Rebellion Developments,https://www.igdb.com/companies/rebellion-developments,United Kingdom,1992
Rogue Warrior,2009,16565,Bethesda Softworks,https://www.igdb.com/companies/bethesda-softworks,United States,1986
Roll Away,1998,5986,Game Design Sweden AB,https://www.igdb.com/companies/game-design-sweden-ab,,
Roll Away,1998,13634,Sony Computer Entertainment,https://www.igdb.com/companies/sony-computer-entertainment,Japan,1993
Rollcage,1999,1523,Attention To Detail,https://www.igdb.com/companies/attention-to-detail,United Kingdom,1988
Rollcage,1999,764,Psygnosis,https://www.igdb.com/companies/psygnosis,United Kingdom,1984
Rollcage,1999,1204,Brasoft Produtos de Informática,https://www.igdb.com/companies/brasoft-produtos-de-informatica,,
Rollcage Stage II,2000,764,Psygnosis,https://www.igdb.com/companies/psygnosis,United Kingdom,1984
Rollcage Stage II,2000,327,Midway Games,https://www.igdb.com/companies/midway-games,United States,1969
Rollcage Stage II,2000,139,Take-Two Interactive,https://www.igdb.com/companies/take-two-interactive,United States,1993
Rollcage Stage II,2000,1523,Attention To Detail,https://www.igdb.com/companies/attention-to-detail,United Kingdom,1988
RollerCoaster Tycoon 2,2002,213,Infogrames,https://www.igdb.com/companies/infogrames,France,1983
RollerCoaster Tycoon 2,2002,8532,Chris Sawyer Productions,https://www.igdb.com/companies/chris-sawyer-productions,,
RollerCoaster Tycoon 2,2002,2406,"Atari, Inc.",https://www.igdb.com/companies/atari-inc,United States,2003
RollerCoaster Tycoon 3,2004,208,Frontier Developments,https://www.igdb.com/companies/frontier-developments,United Kingdom,1994
RollerCoaster Tycoon 3,2004,2406,"Atari, Inc.",https://www.igdb.com/companies/atari-inc,United States,2003
RollerCoaster Tycoon World,2016,2406,"Atari, Inc.",https://www.igdb.com/companies/atari-inc,United States,2003
RollerCoaster Tycoon World,2016,6360,Nvizzio Creations,https://www.igdb.com/companies/nvizzio-creations,,
Romance of the Three Kingdoms IV: Wall of Fire,1994,1728,iNiS,https://www.igdb.com/companies/inis,Japan,
Romance of the Three Kingdoms IV: Wall of Fire,1994,630,Koei,https://www.igdb.com/companies/koei,Japan,1978
Romance of the Three Kingdoms IV: Wall of Fire,1994,24352,Tecmo Koei Games,https://www.igdb.com/companies/tecmo-koei-games,,
Romance of the Three Kingdoms IV: Wall of Fire,1994,630,Koei,https://www.igdb.com/companies/koei,Japan,1978
Romancing SaGa,2005,250,Square,https://www.igdb.com/companies/square,Japan,1983
Romancing SaGa,2005,26,Square Enix,https://www.igdb.com/companies/square-enix,Japan,2003
Romancing SaGa,2005,250,Square,https://www.igdb.com/companies/square,Japan,1983
Romancing SaGa 2,1993,250,Square,https://www.igdb.com/companies/square,Japan,1983
Romancing SaGa 2,1993,26,Square Enix,https://www.igdb.com/companies/square-enix,Japan,2003
Romancing SaGa 2,1993,250,Square,https://www.igdb.com/companies/square,Japan,1983
Romancing SaGa 2,1993,2254,ArtePiazza,https://www.igdb.com/companies/artepiazza,Japan,1989
Romancing SaGa 3,1995,250,Square,https://www.igdb.com/companies/square,Japan,1983
Romancing SaGa 3,1995,250,Square,https://www.igdb.com/companies/square,Japan,1983
Romancing SaGa 3,1995,26,Square Enix,https://www.igdb.com/companies/square-enix,Japan,2003
Rome: Total War,2004,111,The Creative Assembly,https://www.igdb.com/companies/the-creative-assembly,United Kingdom,1987
Rome: Total War,2004,66,Activision,https://www.igdb.com/companies/activision,United States,1979
Rome: Total War,2004,112,Sega,https://www.igdb.com/companies/sega,Japan,2020
Rome: Total War,2004,23,Feral Interactive,https://www.igdb.com/companies/feral-interactive,United Kingdom,1996
Rozen Maiden: Gebetgarten,2007,862,Tamsoft,https://www.igdb.com/companies/tamsoft,Japan,1992
Rozen Maiden: Gebetgarten,2007,817,Taito,https://www.igdb.com/companies/taito,Japan,1969
Ruff Trigger: The Vanocore Conspiracy,2006,2980,Playstos Entertainment,https://www.igdb.com/companies/playstos-entertainment,Italy,
Ruff Trigger: The Vanocore Conspiracy,2006,716,Natsume Inc.,https://www.igdb.com/companies/natsume-inc,United States,1995
Rugrats in Paris: The Movie,2000,1309,Avalanche Software,https://www.igdb.com/companies/avalanche-software,United States,1995
Rugrats in Paris: The Movie,2000,258,KnowWonder,https://www.igdb.com/companies/knowwonder,,
Rugrats in Paris: The Movie,2000,197,THQ,https://www.igdb.com/companies/thq,United States,1989
Rugrats: Royal Ransom,2002,197,THQ,https://www.igdb.com/companies/thq,United States,1989
Rugrats: Royal Ransom,2002,1309,Avalanche Software,https://www.igdb.com/companies/avalanche-software,United States,1995
Rugrats: Scavenger Hunt,1999,197,THQ,https://www.igdb.com/companies/thq,United States,1989
Rugrats: Scavenger Hunt,1999,1312,Realtime Associates,https://www.igdb.com/companies/realtime-associates,,
Rule of Rose,2006,2488,Atlus USA,https://www.igdb.com/companies/atlus-usa,United States,1991
Rule of Rose,2006,13634,Sony Computer Entertainment,https://www.igdb.com/companies/sony-computer-entertainment,Japan,1993
Rule of Rose,2006,445,505 Games,https://www.igdb.com/companies/505-games,United States,2006
Rule of Rose,2006,13773,Punchline,https://www.igdb.com/companies/punchline,,
Rumble Racing,2001,1,Electronic Arts,https://www.igdb.com/companies/electronic-arts,United States,1982
Rumble Roses,2004,159,Konami Computer Entertainment Tokyo,https://www.igdb.com/companies/konami-computer-entertainment-tokyo,Japan,1995
Rumble Roses,2004,129,Konami,https://www.igdb.com/companies/konami,Japan,1969
Rumble Roses XX,2006,129,Konami,https://www.igdb.com/companies/konami,Japan,1969
Rumble Roses XX,2006,14321,Yuke's,https://www.igdb.com/companies/yukes,Japan,1993
Rune Factory 4,2012,1772,Marvelous AQL,https://www.igdb.com/companies/marvelous-aql,Japan,2011
Rune Factory 4,2012,819,Neverland,https://www.igdb.com/companies/neverland,,
Rune Factory 4,2012,2187,XSEED Games,https://www.igdb.com/companies/xseed-games--1,United States,2004
Rush 2: Extreme Racing USA,1998,327,Midway Games,https://www.igdb.com/companies/midway-games,United States,1969
Rush 2: Extreme Racing USA,1998,1746,Atari Games,https://www.igdb.com/companies/atari-games,United States,1984
Rygar: The Legendary Adventure,2002,2020,"Tecmo Co., Ltd.",https://www.igdb.com/companies/tecmo-co-ltd,,
Rygar: The Legendary Adventure,2002,2273,Team Tachyon,https://www.igdb.com/companies/team-tachyon,Japan,
Ryse: Son of Rome,2013,122,Crytek Frankfurt,https://www.igdb.com/companies/crytek-frankfurt,Germany,1999
Ryse: Son of Rome,2013,1010,Microsoft Studios,https://www.igdb.com/companies/microsoft-studios,,2011
Ryse: Son of Rome,2013,423,Deep Silver,https://www.igdb.com/companies/deep-silver,Germany,2002
Ryse: Son of Rome,2013,249,Crytek,https://www.igdb.com/companies/crytek,Germany,1999
S.C.A.R.S,1998,1750,Vivid Image,https://www.igdb.com/companies/vivid-image,,
S.T.A.L.K.E.R.: Shadow of Chernobyl,2007,144,GSC Game World,https://www.igdb.com/companies/gsc-game-world,Ukraine,1995
S.T.A.L.K.E.R.: Shadow of Chernobyl,2007,197,THQ,https://www.igdb.com/companies/thq,United States,1989
S.T.A.L.K.E.R.: Shadow of Chernobyl,2007,372,GSC World Publishing,https://www.igdb.com/companies/gsc-world-publishing,Ukraine,2004
S.T.A.L.K.E.R.: Shadow of Chernobyl,2007,423,Deep Silver,https://www.igdb.com/companies/deep-silver,Germany,2002
S.T.A.L.K.E.R.: Shadow of Chernobyl,2007,3119,cdp.pl,https://www.igdb.com/companies/cdp-pl,Poland,1994
SNK vs. Capcom Card Fighters DS,2006,1474,SNK,https://www.igdb.com/companies/snk,Japan,1978
SOCOM: U.S. Navy SEALs Confrontation,2008,658,Slant Six Games,https://www.igdb.com/companies/slant-six-games,,
SOCOM: U.S. Navy SEALs Confrontation,2008,13634,Sony Computer Entertainment,https://www.igdb.com/companies/sony-computer-entertainment,Japan,1993
SSX,2012,277,EA Canada,https://www.igdb.com/companies/ea-canada,Canada,1983
SSX,2012,1945,EA Sports BIG,https://www.igdb.com/companies/ea-sports-big,,2000
SSX 3,2003,277,EA Canada,https://www.igdb.com/companies/ea-canada,Canada,1983
SSX 3,2003,1945,EA Sports BIG,https://www.igdb.com/companies/ea-sports-big,,2000
SSX 3,2003,1,Electronic Arts,https://www.igdb.com/companies/electronic-arts,United States,1982
SSX Tricky,2001,277,EA Canada,https://www.igdb.com/companies/ea-canada,Canada,1983
SSX Tricky,2001,1945,EA Sports BIG,https://www.igdb.com/companies/ea-sports-big,,2000
SWAT 4,2005,24,Sierra Entertainment,https://www.igdb.com/companies/sierra-entertainment,United States,1979
SWAT 4,2005,147,Vivendi Universal,https://www.igdb.com/companies/vivendi-universal,,
SWAT 4,2005,21,Irrational Games,https://www.igdb.com/companies/irrational-games,United States,1997
SWAT 4,2005,4478,Livedoor,https://www.igdb.com/companies/livedoor,,
SWAT 4,2005,66,Activision,https://www.igdb.com/companies/activision,United States,1979
SWAT: Global Strike Team,2003,24,Sierra Entertainment,https://www.igdb.com/companies/sierra-entertainment,United States,1979
SWAT: Global Strike Team,2003,260,Argonaut Games,https://www.igdb.com/companies/argonaut-games,,
SWAT: Target Liberty,2007,296,3G Studios,https://www.igdb.com/companies/3g-studios,United States,
SWAT: Target Liberty,2007,24,Sierra Entertainment,https://www.igdb.com/companies/sierra-entertainment,United States,1979
SaGa Frontier,1997,907,Sony Computer Entertainment of America,https://www.igdb.com/companies/sony-computer-entertainment-of-america,United States,
SaGa Frontier,1997,250,Square,https://www.igdb.com/companies/square,Japan,1983
SaGa Frontier,1997,26,Square Enix,https://www.igdb.com/companies/square-enix,Japan,2003
SaGa Frontier 2,1999,252,Square Electronic Arts,https://www.igdb.com/companies/square-electronic-arts,,
SaGa Frontier 2,1999,250,Square,https://www.igdb.com/companies/square,Japan,1983
Sacred 2: Fallen Angel,2008,373,Ascaron Entertainment,https://www.igdb.com/companies/ascaron-entertainment,Germany,1992
Sacred 2: Fallen Angel,2008,145,cdv Software Entertainment,https://www.igdb.com/companies/cdv-software-entertainment,Germany,2000
Sacred 2: Fallen Angel,2008,423,Deep Silver,https://www.igdb.com/companies/deep-silver,Germany,2002
Sacred 3,2014,2154,Keen Games,https://www.igdb.com/companies/keen-games,Germany,2005
Sacred 3,2014,423,Deep Silver,https://www.igdb.com/companies/deep-silver,Germany,2002
Sacred Gold,2005,146,Strategy First,https://www.igdb.com/companies/strategy-first,Canada,1990
Saint Seiya: Soldiers' Soul,2015,396,Dimps,https://www.igdb.com/companies/dimps,Japan,2000
Saint Seiya: Soldiers' Soul,2015,248,Bandai Namco Entertainment,https://www.igdb.com/companies/bandai-namco-entertainment,Japan,2015
Saint Seiya: Soldiers' Soul,2015,14138,Ilinx Corporation,https://www.igdb.com/companies/ilinx-corporation,Japan,2010
Saints Row 2,2008,4291,CD Projekt,https://www.igdb.com/companies/cd-projekt,Poland,1994
Saints Row 2,2008,197,THQ,https://www.igdb.com/companies/thq,United States,1989
Saints Row 2,2008,7462,Volition,https://www.igdb.com/companies/volition,United States,1993
Saints Row IV,2013,392,High Voltage Software,https://www.igdb.com/companies/high-voltage-software,United States,1993
Saints Row IV,2013,423,Deep Silver,https://www.igdb.com/companies/deep-silver,Germany,2002
Saints Row IV,2013,7462,Volition,https://www.igdb.com/companies/volition,United States,1993
Saints Row: The Third,2011,197,THQ,https://www.igdb.com/companies/thq,United States,1989
Saints Row: The Third,2011,74,CyberFront,https://www.igdb.com/companies/cyberfront,Japan,1968
Saints Row: The Third,2011,26,Square Enix,https://www.igdb.com/companies/square-enix,Japan,2003
Saints Row: The Third,2011,423,Deep Silver,https://www.igdb.com/companies/deep-silver,Germany,2002
Saints Row: The Third,2011,7462,Volition,https://www.igdb.com/companies/volition,United States,1993
Saki Portable,2010,5191,Kaga Create,https://www.igdb.com/companies/kaga-create,,
Saki Portable,2010,2997,Alchemist,https://www.igdb.com/companies/alchemist,Japan,1998
Saki Portable,2010,9477,Warashi,https://www.igdb.com/companies/warashi,,
"Sakura Wars: So Long, My Love",2005,112,Sega,https://www.igdb.com/companies/sega,Japan,2020
"Sakura Wars: So Long, My Love",2005,2262,NIS America,https://www.igdb.com/companies/nis-america,United States,2003
"Sakura Wars: So Long, My Love",2005,1956,Idea Factory,https://www.igdb.com/companies/idea-factory,Japan,1994
"Sakura Wars: So Long, My Love",2005,2233,Red Entertainment,https://www.igdb.com/companies/red-entertainment,Japan,2000
"Sakura Wars: So Long, My Love",2005,25222,Global Entertainment R&D Dept. 2,https://www.igdb.com/companies/global-entertainment-r-and-d-dept-2,,
Samurai Jack: The Shadow of Aku,2004,112,Sega,https://www.igdb.com/companies/sega,Japan,2020
Samurai Jack: The Shadow of Aku,2004,1326,Amaze Entertainment,https://www.igdb.com/companies/amaze-entertainment--2,United States,1996
Samurai Shodown II,1994,1474,SNK,https://www.igdb.com/companies/snk,Japan,1978
Samurai Warriors,2004,630,Koei,https://www.igdb.com/companies/koei,Japan,1978
Samurai Warriors,2004,1394,Omega Force,https://www.igdb.com/companies/omega-force,Japan,1996
Samurai Warriors 2,2006,630,Koei,https://www.igdb.com/companies/koei,Japan,1978
Samurai Warriors 2,2006,1394,Omega Force,https://www.igdb.com/companies/omega-force,Japan,1996
Samurai Warriors 2,2006,18532,Koei Tecmo,https://www.igdb.com/companies/koei-tecmo,,
Samurai Warriors 2: Empires,2006,630,Koei,https://www.igdb.com/companies/koei,Japan,1978
Samurai Warriors 2: Empires,2006,1394,Omega Force,https://www.igdb.com/companies/omega-force,Japan,1996
Samurai Warriors 2: Empires,2006,18532,Koei Tecmo,https://www.igdb.com/companies/koei-tecmo,,
Samurai Warriors 2: Xtreme Legends,2007,630,Koei,https://www.igdb.com/companies/koei,Japan,1978
Samurai Warriors 2: Xtreme Legends,2007,1394,Omega Force,https://www.igdb.com/companies/omega-force,Japan,1996
Samurai Warriors 2: Xtreme Legends,2007,18532,Koei Tecmo,https://www.igdb.com/companies/koei-tecmo,,
Samurai Warriors 3,2009,421,Nintendo EAD,https://www.igdb.com/companies/nintendo-ead,Japan,1989
Samurai Warriors 3,2009,18532,Koei Tecmo,https://www.igdb.com/companies/koei-tecmo,,
Samurai Warriors 3,2009,70,Nintendo,https://www.igdb.com/companies/nintendo,Japan,1969
Samurai Warriors 3,2009,1394,Omega Force,https://www.igdb.com/companies/omega-force,Japan,1996
Samurai Warriors 4,2014,1394,Omega Force,https://www.igdb.com/companies/omega-force,Japan,1996
Samurai Warriors 4,2014,18532,Koei Tecmo,https://www.igdb.com/companies/koei-tecmo,,
Samurai Warriors 4: Empires,2015,1394,Omega Force,https://www.igdb.com/companies/omega-force,Japan,1996
Samurai Warriors 4: Empires,2015,18532,Koei Tecmo,https://www.igdb.com/companies/koei-tecmo,,
Samurai Warriors: Katana,2007,630,Koei,https://www.igdb.com/companies/koei,Japan,1978
Samurai Warriors: Katana,2007,1394,Omega Force,https://www.igdb.com/companies/omega-force,Japan,1996
Samurai Warriors: Xtreme Legends,2004,1394,Omega Force,https://www.igdb.com/companies/omega-force,Japan,1996
Samurai Warriors: Xtreme Legends,2004,630,Koei,https://www.igdb.com/companies/koei,Japan,1978
Saw II: Flesh & Blood,2010,129,Konami,https://www.igdb.com/companies/konami,Japan,1969
Saw II: Flesh & Blood,2010,2046,Zombie Studios,https://www.igdb.com/companies/zombie-studios,United States,1994
Scaler,2004,139,Take-Two Interactive,https://www.igdb.com/companies/take-two-interactive,United States,1993
Scaler,2004,268,Global Star Software,https://www.igdb.com/companies/global-star-software,Canada,1992
Scaler,2004,1336,A2M,https://www.igdb.com/companies/a2m,,
Scarface: Money. Power. Respect.,2006,1254,FarSight Studios,https://www.igdb.com/companies/farsight-studios,United States,
Scarface: Money. Power. Respect.,2006,815,Vivendi Universal Games,https://www.igdb.com/companies/vivendi-universal-games,United States,2001
Scooby-Doo and the Cyber Chase,2001,1313,ART,https://www.igdb.com/companies/art,Japan,1995
Scooby-Doo and the Cyber Chase,2001,197,THQ,https://www.igdb.com/companies/thq,United States,1989
Scooby-Doo! Mystery Mayhem,2004,1336,A2M,https://www.igdb.com/companies/a2m,,
Scooby-Doo! Mystery Mayhem,2004,197,THQ,https://www.igdb.com/companies/thq,United States,1989
Scooby-Doo! Unmasked,2005,197,THQ,https://www.igdb.com/companies/thq,United States,1989
Scooby-Doo! Unmasked,2005,1336,A2M,https://www.igdb.com/companies/a2m,,
Scribblenauts,2009,2162,5th Cell,https://www.igdb.com/companies/5th-cell,United States,
Scribblenauts,2009,129,Konami,https://www.igdb.com/companies/konami,Japan,1969
Scribblenauts,2009,50,WB Games,https://www.igdb.com/companies/wb-games,United States,1993
Scribblenauts Unmasked: A DC Comics Adventure,2013,2162,5th Cell,https://www.igdb.com/companies/5th-cell,United States,
Scribblenauts Unmasked: A DC Comics Adventure,2013,50,WB Games,https://www.igdb.com/companies/wb-games,United States,1993
Seaman,1999,112,Sega,https://www.igdb.com/companies/sega,Japan,2020
Seaman,1999,193,Jellyvision,https://www.igdb.com/companies/jellyvision,,
Seaman,1999,1993,Vivarium,https://www.igdb.com/companies/vivarium,,
Second Sight,2004,115,Codemasters,https://www.igdb.com/companies/codemasters,United Kingdom,1986
Second Sight,2004,1008,Free Radical Design,https://www.igdb.com/companies/free-radical-design,United Kingdom,1999
Secret Agent Barbie: Royal Jewels Mission,2002,153,Digital Illusions CE: Canada,https://www.igdb.com/companies/digital-illusions-ce-canada,,
Secret Agent Barbie: Royal Jewels Mission,2002,815,Vivendi Universal Games,https://www.igdb.com/companies/vivendi-universal-games,United States,2001
Secret Agent Clank,2008,1898,Sanzaru Games,https://www.igdb.com/companies/sanzaru-games,United States,
Secret Agent Clank,2008,1864,High Impact Games,https://www.igdb.com/companies/high-impact-games,United States,2003
Secret Agent Clank,2008,13634,Sony Computer Entertainment,https://www.igdb.com/companies/sony-computer-entertainment,Japan,1993
Secret Files: Tunguska,2006,423,Deep Silver,https://www.igdb.com/companies/deep-silver,Germany,2002
Secret Files: Tunguska,2006,593,The Adventure Company,https://www.igdb.com/companies/the-adventure-company,Canada,2002
Secret Files: Tunguska,2006,236,DreamCatcher Interactive,https://www.igdb.com/companies/dreamcatcher-interactive,Canada,1996
Secret Files: Tunguska,2006,2276,Fusionsphere Systems,https://www.igdb.com/companies/fusionsphere-systems,,
Secret Files: Tunguska,2006,2277,Animation Arts,https://www.igdb.com/companies/animation-arts,Germany,
Secret Files: Tunguska,2006,374,Koch Media,https://www.igdb.com/companies/koch-media,Germany,1994
Secret Service,2008,1488,Activision Value,https://www.igdb.com/companies/activision-value,United States,1979
Secret Service,2008,1487,Cauldron HQ,https://www.igdb.com/companies/cauldron-hq,Slovakia,1996
Secret Weapons Over Normandy,2003,10,LucasArts,https://www.igdb.com/companies/lucasarts,United States,1990
Secret Weapons Over Normandy,2003,77,Totally Games,https://www.igdb.com/companies/totally-games,United States,1993
Secret of Mana,1993,250,Square,https://www.igdb.com/companies/square,Japan,1983
Secret of Mana,1993,26,Square Enix,https://www.igdb.com/companies/square-enix,Japan,2003
Section 8,2009,1327,SouthPeak Interactive,https://www.igdb.com/companies/southpeak-interactive,United States,1996
Section 8,2009,408,TimeGate Studios,https://www.igdb.com/companies/timegate-studios,United States,1998
Sega Bass Fishing,1999,329,Cavia,https://www.igdb.com/companies/cavia,Japan,2000
Sega Bass Fishing,1999,2278,AM1,https://www.igdb.com/companies/am1,,
Sega Bass Fishing,1999,1069,"SIMS Co., Ltd",https://www.igdb.com/companies/sims-co-ltd,Japan,1991
Sega Bass Fishing,1999,112,Sega,https://www.igdb.com/companies/sega,Japan,2020
Sega Rally Championship,1995,2008,AM3,https://www.igdb.com/companies/am3,,
Sega Rally Championship,1995,2009,United Game Artists,https://www.igdb.com/companies/united-game-artists,Japan,2000
Sega Rally Championship,1995,2007,AM5,https://www.igdb.com/companies/am5,,
Sega Rally Championship,1995,112,Sega,https://www.igdb.com/companies/sega,Japan,2020
Sega Rally Revo,2007,112,Sega,https://www.igdb.com/companies/sega,Japan,2020
Sega Rally Revo,2007,869,SEGA Racing Studio,https://www.igdb.com/companies/sega-racing-studio,,
Sega Rally Revo,2007,427,Bugbear Entertainment,https://www.igdb.com/companies/bugbear-entertainment,Finland,2000
Sengoku Basara 4: Sumeragi,2015,37,Capcom,https://www.igdb.com/companies/capcom,Japan,1979
Sengoku Basara: Samurai Heroes,2010,37,Capcom,https://www.igdb.com/companies/capcom,Japan,1979
Senran Kagura 2: Deep Crimson,2014,862,Tamsoft,https://www.igdb.com/companies/tamsoft,Japan,1992
Senran Kagura 2: Deep Crimson,2014,1772,Marvelous AQL,https://www.igdb.com/companies/marvelous-aql,Japan,2011
Senran Kagura 2: Deep Crimson,2014,2187,XSEED Games,https://www.igdb.com/companies/xseed-games--1,United States,2004
Senran Kagura 2: Deep Crimson,2014,1773,Marvelous AQL Europe,https://www.igdb.com/companies/marvelous-aql-europe,United Kingdom,2012
Senran Kagura 2: Deep Crimson,2014,74,CyberFront,https://www.igdb.com/companies/cyberfront,Japan,1968
Senran Kagura: Bon Appétit!,2014,6074,Meteorise,https://www.igdb.com/companies/meteorise,Japan,2010
Senran Kagura: Bon Appétit!,2014,1772,Marvelous AQL,https://www.igdb.com/companies/marvelous-aql,Japan,2011
Senran Kagura: Bon Appétit!,2014,2187,XSEED Games,https://www.igdb.com/companies/xseed-games--1,United States,2004
Senran Kagura: Bon Appétit!,2014,1773,Marvelous AQL Europe,https://www.igdb.com/companies/marvelous-aql-europe,United Kingdom,2012
Senran Kagura: Estival Versus,2015,6071,Marvelous,https://www.igdb.com/companies/marvelous,Japan,2011
Senran Kagura: Estival Versus,2015,2187,XSEED Games,https://www.igdb.com/companies/xseed-games--1,United States,2004
Senran Kagura: Estival Versus,2015,862,Tamsoft,https://www.igdb.com/companies/tamsoft,Japan,1992
Senran Kagura: Estival Versus,2015,9066,Marvelous Europe Ltd.,https://www.igdb.com/companies/marvelous-europe-ltd,United Kingdom,2012
Serious Sam 3: BFE,2011,414,Croteam,https://www.igdb.com/companies/croteam,Croatia,1993
Serious Sam 3: BFE,2011,634,Devolver Digital,https://www.igdb.com/companies/devolver-digital,United States,2009
Serious Sam Advance,2004,268,Global Star Software,https://www.igdb.com/companies/global-star-software,Canada,1992
Serious Sam Advance,2004,60,Climax Group,https://www.igdb.com/companies/climax-group,,
Serious Sam II,2005,8,2K Games,https://www.igdb.com/companies/2k-games,United States,2005
Serious Sam II,2005,414,Croteam,https://www.igdb.com/companies/croteam,Croatia,1993
Serious Sam II,2005,139,Take-Two Interactive,https://www.igdb.com/companies/take-two-interactive,United States,1993
Serious Sam: Next Encounter,2004,268,Global Star Software,https://www.igdb.com/companies/global-star-software,Canada,1992
Serious Sam: Next Encounter,2004,60,Climax Group,https://www.igdb.com/companies/climax-group,,
Shadow Hearts,2001,6220,Sacnoth,https://www.igdb.com/companies/sacnoth,Japan,1997
Shadow Hearts: Covenant,2004,6210,Nautilus,https://www.igdb.com/companies/nautilus,,
Shadow Hearts: Covenant,2004,6211,Aruze,https://www.igdb.com/companies/aruze,,
Shadow Hearts: Covenant,2004,566,Midway,https://www.igdb.com/companies/midway,United States,1988
Shadow Man,1999,1841,Acclaim Studios Teesside,https://www.igdb.com/companies/acclaim-studios-teesside,,
Shadow Man,1999,287,Acclaim Entertainment,https://www.igdb.com/companies/acclaim-entertainment,United States,1987
Shadow Man,1999,812,Gradiente,https://www.igdb.com/companies/gradiente,Brazil,1969
Shadow Ops: Red Mercury,2004,2046,Zombie Studios,https://www.igdb.com/companies/zombie-studios,United States,1994
Shadow Ops: Red Mercury,2004,2039,Tommo Inc,https://www.igdb.com/companies/tommo-inc,,
Shadow Ops: Red Mercury,2004,2406,"Atari, Inc.",https://www.igdb.com/companies/atari-inc,United States,2003
Shadow Tower,1998,1566,Agetec,https://www.igdb.com/companies/agetec,,
Shadow Tower,1998,1012,FromSoftware,https://www.igdb.com/companies/fromsoftware,Japan,1986
Shadow Tower,1998,907,Sony Computer Entertainment of America,https://www.igdb.com/companies/sony-computer-entertainment-of-america,United States,
Shadow of Destiny,2001,1735,Runecraft,https://www.igdb.com/companies/runecraft,United Kingdom,1997
Shadow of Destiny,2001,159,Konami Computer Entertainment Tokyo,https://www.igdb.com/companies/konami-computer-entertainment-tokyo,Japan,1995
Shadow of Rome,2005,37,Capcom,https://www.igdb.com/companies/capcom,Japan,1979
Shadow of Rome,2005,37,Capcom,https://www.igdb.com/companies/capcom,Japan,1979
Shadow of the Colossus,2005,44,Team Ico,https://www.igdb.com/companies/team-ico,Japan,1997
Shadow of the Colossus,2005,13634,Sony Computer Entertainment,https://www.igdb.com/companies/sony-computer-entertainment,Japan,1993
Shadowgate 64: Trials of the Four Towers,1999,1281,Kemco,https://www.igdb.com/companies/kemco,Japan,1984
Shadowgate 64: Trials of the Four Towers,1999,1842,Infinite Ventures,https://www.igdb.com/companies/infinite-ventures,,
Shadowgate 64: Trials of the Four Towers,1999,1848,Kotobuki Systems,https://www.igdb.com/companies/kotobuki-systems,Japan,1984
Shadowrun,2007,1402,BlueSky Software,https://www.igdb.com/companies/bluesky-software,United States,1988
Shadowrun,2007,112,Sega,https://www.igdb.com/companies/sega,Japan,2020
Shadowrun,2007,23993,Tec Toy,https://www.igdb.com/companies/tec-toy,Brazil,1987
Shadows of the Damned,2011,1,Electronic Arts,https://www.igdb.com/companies/electronic-arts,United States,1982
Shadows of the Damned,2011,845,Grasshopper Manufacture,https://www.igdb.com/companies/grasshopper-manufacture,Japan,1998
Shattered Union,2005,8,2K Games,https://www.igdb.com/companies/2k-games,United States,2005
Shattered Union,2005,207,PopTop Software,https://www.igdb.com/companies/poptop-software,United States,1993
Shattered Union,2005,139,Take-Two Interactive,https://www.igdb.com/companies/take-two-interactive,United States,1993
Shaun Palmer's Pro Snowboarder,2001,1979,Dearsoft,https://www.igdb.com/companies/dearsoft,,
Shaun Palmer's Pro Snowboarder,2001,66,Activision,https://www.igdb.com/companies/activision,United States,1979
Shaun White Skateboarding,2010,38,Ubisoft Montreal,https://www.igdb.com/companies/ubisoft-montreal,Canada,1997
Shenmue,1999,830,Sega AM2,https://www.igdb.com/companies/sega-am2,Japan,
Shenmue,1999,112,Sega,https://www.igdb.com/companies/sega,Japan,2020
Shenmue II,2001,830,Sega AM2,https://www.igdb.com/companies/sega-am2,Japan,
Shenmue II,2001,846,Rutubo Games,https://www.igdb.com/companies/rutubo-games,Japan,2010
Shenmue II,2001,112,Sega,https://www.igdb.com/companies/sega,Japan,2020
Shenmue II,2001,53,Microsoft Game Studios,https://www.igdb.com/companies/microsoft-game-studios,United States,2002
Shifters,2002,99,The 3DO Company,https://www.igdb.com/companies/the-3do-company,United States,1991
Shin Megami Tensei II,1994,818,Atlus,https://www.igdb.com/companies/atlus,Japan,1986
Shin Megami Tensei IV,2013,818,Atlus,https://www.igdb.com/companies/atlus,Japan,1986
Shin Megami Tensei IV,2013,70,Nintendo,https://www.igdb.com/companies/nintendo,Japan,1969
Shin Megami Tensei IV,2013,112,Sega,https://www.igdb.com/companies/sega,Japan,2020
Shin Megami Tensei: Devil Summoner 2 - Raidou Kuzunoha vs. King Abaddon,2008,818,Atlus,https://www.igdb.com/companies/atlus,Japan,1986
Shin Megami Tensei: Devil Survivor,2009,818,Atlus,https://www.igdb.com/companies/atlus,Japan,1986
Shin Megami Tensei: Devil Survivor,2009,2932,Ghostlight Ltd.,https://www.igdb.com/companies/ghostlight-ltd,United Kingdom,2004
Shin Megami Tensei: Devil Survivor Overclocked,2011,2932,Ghostlight Ltd.,https://www.igdb.com/companies/ghostlight-ltd,United Kingdom,2004
Shin Megami Tensei: Devil Survivor Overclocked,2011,818,Atlus,https://www.igdb.com/companies/atlus,Japan,1986
Shin Megami Tensei: Devil Survivor Overclocked,2011,112,Sega,https://www.igdb.com/companies/sega,Japan,2020
Shin Megami Tensei: Digital Devil Saga,2004,818,Atlus,https://www.igdb.com/companies/atlus,Japan,1986
Shin Megami Tensei: Digital Devil Saga,2004,2932,Ghostlight Ltd.,https://www.igdb.com/companies/ghostlight-ltd,United Kingdom,2004
Shin Megami Tensei: Digital Devil Saga 2,2005,818,Atlus,https://www.igdb.com/companies/atlus,Japan,1986
Shin Megami Tensei: Digital Devil Saga 2,2005,2932,Ghostlight Ltd.,https://www.igdb.com/companies/ghostlight-ltd,United Kingdom,2004
Shin Megami Tensei: Nocturne,2003,818,Atlus,https://www.igdb.com/companies/atlus,Japan,1986
Shin Megami Tensei: Nocturne,2003,2932,Ghostlight Ltd.,https://www.igdb.com/companies/ghostlight-ltd,United Kingdom,2004
Shin Megami Tensei: Strange Journey,2009,818,Atlus,https://www.igdb.com/companies/atlus,Japan,1986
Shin Megami Tensei: Strange Journey,2009,2488,Atlus USA,https://www.igdb.com/companies/atlus-usa,United States,1991
Shin Megami Tensei: Strange Journey,2009,7727,Lancarse,https://www.igdb.com/companies/lancarse,,
Shining Force CD,1994,229,Sega of America,https://www.igdb.com/companies/sega-of-america,United States,1986
Shining Force CD,1994,4980,Sonic Co. Ltd,https://www.igdb.com/companies/sonic-co-ltd,,
Shining Force CD,1994,4981,"Sega Enterprises, Ltd.",https://www.igdb.com/companies/sega-enterprises-ltd,Japan,1969
Shining Force EXA,2007,819,Neverland,https://www.igdb.com/companies/neverland,,
Shining Force EXA,2007,14087,Sega Corporation,https://www.igdb.com/companies/sega-corporation,Japan,2000
Shining Force EXA,2007,14087,Sega Corporation,https://www.igdb.com/companies/sega-corporation,Japan,2000
Shining Force II,1993,784,Camelot Software Planning,https://www.igdb.com/companies/camelot-software-planning,Japan,
Shining Force II,1993,112,Sega,https://www.igdb.com/companies/sega,Japan,2020
Shining Force II,1993,23993,Tec Toy,https://www.igdb.com/companies/tec-toy,Brazil,1987
Shining Force III,1997,784,Camelot Software Planning,https://www.igdb.com/companies/camelot-software-planning,Japan,
Shining Force: Resurrection of the Dark Dragon,2004,4803,Climax Entertainment,https://www.igdb.com/companies/climax-entertainment,,
Shining Force: Resurrection of the Dark Dragon,2004,818,Atlus,https://www.igdb.com/companies/atlus,Japan,1986
Shining Force: Resurrection of the Dark Dragon,2004,1096,Amusement Vision,https://www.igdb.com/companies/amusement-vision,Japan,2000
Shining Force: Resurrection of the Dark Dragon,2004,197,THQ,https://www.igdb.com/companies/thq,United States,1989
Shining Force: Resurrection of the Dark Dragon,2004,14087,Sega Corporation,https://www.igdb.com/companies/sega-corporation,Japan,2000
Shining Force: Resurrection of the Dark Dragon,2004,15878,Sega Games,https://www.igdb.com/companies/sega-games,Japan,2015
Shinobi,2002,629,Sales Curve Interactive,https://www.igdb.com/companies/sales-curve-interactive,,
Shinobi,2002,12390,Virgin Mastertronic,https://www.igdb.com/companies/virgin-mastertronic,United Kingdom,1988
Shinobi,2002,13377,Asmik Corporation,https://www.igdb.com/companies/asmik-corporation,,
Shinobi,2002,10180,Team Shinobi,https://www.igdb.com/companies/team-shinobi,,
Shinobi,2002,2404,Tengen,https://www.igdb.com/companies/tengen,,
Shinobi,2002,4981,"Sega Enterprises, Ltd.",https://www.igdb.com/companies/sega-enterprises-ltd,Japan,1969
Shinobi,2002,1267,Backbone Entertainment,https://www.igdb.com/companies/backbone-entertainment,United States,1992
Shinobi,2002,781,M2,https://www.igdb.com/companies/m2,,
Shinobi,2002,112,Sega,https://www.igdb.com/companies/sega,Japan,2020
Shiren the Wanderer,2008,1093,Chunsoft,https://www.igdb.com/companies/chunsoft,Japan,1984
Shiren the Wanderer,2008,112,Sega,https://www.igdb.com/companies/sega,Japan,2020
Shiren the Wanderer,2008,818,Atlus,https://www.igdb.com/companies/atlus,Japan,1986
Showdown: Legends of Wrestling,2004,287,Acclaim Entertainment,https://www.igdb.com/companies/acclaim-entertainment,United States,1987
Showdown: Legends of Wrestling,2004,2005,Acclaim Studios Austin,https://www.igdb.com/companies/acclaim-studios-austin,United States,1991
Shrek,2001,821,TDK Mediactive,https://www.igdb.com/companies/tdk-mediactive,,
Shrek,2001,137,Digital Illusions CE,https://www.igdb.com/companies/digital-illusions-ce,Sweden,1993
Shrek Extra Large,2002,821,TDK Mediactive,https://www.igdb.com/companies/tdk-mediactive,,
Shrek Extra Large,2002,137,Digital Illusions CE,https://www.igdb.com/companies/digital-illusions-ce,Sweden,1993
Shrek SuperSlam,2005,66,Activision,https://www.igdb.com/companies/activision,United States,1979
Shrek the Third,2007,66,Activision,https://www.igdb.com/companies/activision,United States,1979
Shrek the Third,2007,705,Shaba Games,https://www.igdb.com/companies/shaba-games,,
Shrek the Third,2007,1326,Amaze Entertainment,https://www.igdb.com/companies/amaze-entertainment--2,United States,1996
Shrek the Third,2007,1244,7 Studios,https://www.igdb.com/companies/7-studios,,
Sigma Star Saga,2005,263,Namco,https://www.igdb.com/companies/namco,Japan,1969
Sigma Star Saga,2005,1021,WayForward Technologies,https://www.igdb.com/companies/wayforward-technologies,United States,1990
Sigma Star Saga,2005,2406,"Atari, Inc.",https://www.igdb.com/companies/atari-inc,United States,2003
Silent Bomber,1999,12992,"CyberConnect Co., Ltd.",https://www.igdb.com/companies/cyberconnect-co-dot-ltd,Japan,1996
Silent Bomber,1999,617,Bandai,https://www.igdb.com/companies/bandai,Japan,1969
Silent Bomber,1999,141,Virgin Interactive Entertainment (Europe) Ltd.,https://www.igdb.com/companies/virgin-interactive-entertainment-europe-ltd,United Kingdom,1983
Silent Hill,1999,129,Konami,https://www.igdb.com/companies/konami,Japan,1969
Silent Hill,1999,10446,Team Silent,https://www.igdb.com/companies/team-silent,Japan,1996
Silent Hill 2,2001,10446,Team Silent,https://www.igdb.com/companies/team-silent,Japan,1996
Silent Hill 2,2001,129,Konami,https://www.igdb.com/companies/konami,Japan,1969
Silent Hill 3,2003,129,Konami,https://www.igdb.com/companies/konami,Japan,1969
Silent Hill 3,2003,10446,Team Silent,https://www.igdb.com/companies/team-silent,Japan,1996
Silent Hill 4: The Room,2004,129,Konami,https://www.igdb.com/companies/konami,Japan,1969
Silent Hill 4: The Room,2004,10446,Team Silent,https://www.igdb.com/companies/team-silent,Japan,1996
Silent Hill HD Collection,2012,129,Konami,https://www.igdb.com/companies/konami,Japan,1969
Silent Hill HD Collection,2012,2831,Hijinx Studios,https://www.igdb.com/companies/hijinx-studios,United States,2008
Silent Hill: Book of Memories,2012,129,Konami,https://www.igdb.com/companies/konami,Japan,1969
Silent Hill: Book of Memories,2012,28729,WayForward,https://www.igdb.com/companies/wayforward,United States,1990
Silent Hill: Origins,2007,163,Climax Studios,https://www.igdb.com/companies/climax-studios,United Kingdom,2008
Silent Hill: Origins,2007,129,Konami,https://www.igdb.com/companies/konami,Japan,1969
Silent Hill: Shattered Memories,2009,163,Climax Studios,https://www.igdb.com/companies/climax-studios,United Kingdom,2008
Silent Hill: Shattered Memories,2009,129,Konami,https://www.igdb.com/companies/konami,Japan,1969
Silent Hunter 5: Battle of the Atlantic,2010,697,Ubisoft Bucharest,https://www.igdb.com/companies/ubisoft-bucharest,Romania,1992
Silent Hunter III,2005,697,Ubisoft Bucharest,https://www.igdb.com/companies/ubisoft-bucharest,Romania,1992
Silent Scope,2000,129,Konami,https://www.igdb.com/companies/konami,Japan,1969
Silent Scope 2: Dark Silhouette,2001,129,Konami,https://www.igdb.com/companies/konami,Japan,1969
Silpheed: The Lost Planet,2000,1151,Game Arts,https://www.igdb.com/companies/game-arts,Japan,1985
Silpheed: The Lost Planet,2000,861,Treasure,https://www.igdb.com/companies/treasure,Japan,
SimAnimals Africa,2009,1,Electronic Arts,https://www.igdb.com/companies/electronic-arts,United States,1982
SimCity 4,2003,73,Aspyr Media,https://www.igdb.com/companies/aspyr-media,United States,1996
SimCity 4,2003,1,Electronic Arts,https://www.igdb.com/companies/electronic-arts,United States,1982
SimCity 4,2003,284,Maxis,https://www.igdb.com/companies/maxis,United States,1987
SimCity 4,2003,4288,i5works,https://www.igdb.com/companies/i5works,,
Sin and Punishment,2000,70,Nintendo,https://www.igdb.com/companies/nintendo,Japan,1969
Sin and Punishment,2000,861,Treasure,https://www.igdb.com/companies/treasure,Japan,
Sin and Punishment,2000,1809,Nintendo R&D1,https://www.igdb.com/companies/nintendo-r-d1,Japan,1970
Sing Party,2012,70,Nintendo,https://www.igdb.com/companies/nintendo,Japan,1969
Sing Party,2012,1259,FreeStyleGames,https://www.igdb.com/companies/freestylegames,,
Singularity,2010,71,Raven Software,https://www.igdb.com/companies/raven-software,United States,1990
Singularity,2010,66,Activision,https://www.igdb.com/companies/activision,United States,1979
Sins of a Solar Empire,2008,533,Stardock,https://www.igdb.com/companies/stardock,United States,1991
Sins of a Solar Empire,2008,583,Ironclad Games,https://www.igdb.com/companies/ironclad-games,Canada,
Siren,2003,7219,Project Siren,https://www.igdb.com/companies/project-siren,Japan,1999
Siren,2003,10100,Sony Interactive Entertainment,https://www.igdb.com/companies/sony-interactive-entertainment,Japan,2016
Siren,2003,13634,Sony Computer Entertainment,https://www.igdb.com/companies/sony-computer-entertainment,Japan,1993
Siren,2003,400,SCE Japan Studio,https://www.igdb.com/companies/sce-japan-studio,Japan,1993
Siren: Blood Curse,2008,400,SCE Japan Studio,https://www.igdb.com/companies/sce-japan-studio,Japan,1993
Siren: Blood Curse,2008,13634,Sony Computer Entertainment,https://www.igdb.com/companies/sony-computer-entertainment,Japan,1993
Skate 2,2009,332,EA Black Box,https://www.igdb.com/companies/ea-black-box,Canada,
Skate 2,2009,1,Electronic Arts,https://www.igdb.com/companies/electronic-arts,United States,1982
Skate 3,2010,332,EA Black Box,https://www.igdb.com/companies/ea-black-box,Canada,
Skate 3,2010,1,Electronic Arts,https://www.igdb.com/companies/electronic-arts,United States,1982
Skies of Arcadia,2000,2038,Overworks,https://www.igdb.com/companies/overworks,Japan,2000
Skies of Arcadia,2000,112,Sega,https://www.igdb.com/companies/sega,Japan,2020
Skylanders: Spyro's Adventure,2011,2298,Neoplay,https://www.igdb.com/companies/neoplay,,
Skylanders: Spyro's Adventure,2011,741,Toys for Bob,https://www.igdb.com/companies/toys-for-bob,United States,1989
Skylanders: Spyro's Adventure,2011,72,Vicarious Visions,https://www.igdb.com/companies/vicarious-visions,United States,1990
Skylanders: Spyro's Adventure,2011,26,Square Enix,https://www.igdb.com/companies/square-enix,Japan,2003
Skylanders: Spyro's Adventure,2011,66,Activision,https://www.igdb.com/companies/activision,United States,1979
Skylanders: SuperChargers,2015,66,Activision,https://www.igdb.com/companies/activision,United States,1979
Skylanders: Trap Team,2014,741,Toys for Bob,https://www.igdb.com/companies/toys-for-bob,United States,1989
Skylanders: Trap Team,2014,72,Vicarious Visions,https://www.igdb.com/companies/vicarious-visions,United States,1990
Skylanders: Trap Team,2014,319,n-Space,https://www.igdb.com/companies/n-space--1,United States,1994
Skylanders: Trap Team,2014,66,Activision,https://www.igdb.com/companies/activision,United States,1979
Sleeping Dogs,2012,248,Bandai Namco Entertainment,https://www.igdb.com/companies/bandai-namco-entertainment,Japan,2015
Sleeping Dogs,2012,823,United Front Games,https://www.igdb.com/companies/united-front-games,Canada,2007
Sleeping Dogs,2012,824,Square Enix London Studios,https://www.igdb.com/companies/square-enix-london-studios,United Kingdom,2009
Sleeping Dogs,2012,26,Square Enix,https://www.igdb.com/companies/square-enix,Japan,2003
Sly 2: Band of Thieves,2004,403,Sucker Punch Productions,https://www.igdb.com/companies/sucker-punch-productions,United States,1997
Sly 2: Band of Thieves,2004,13634,Sony Computer Entertainment,https://www.igdb.com/companies/sony-computer-entertainment,Japan,1993
Sly 3: Honor Among Thieves,2005,403,Sucker Punch Productions,https://www.igdb.com/companies/sucker-punch-productions,United States,1997
Sly 3: Honor Among Thieves,2005,13634,Sony Computer Entertainment,https://www.igdb.com/companies/sony-computer-entertainment,Japan,1993
Sly Cooper and the Thievius Raccoonus,2002,403,Sucker Punch Productions,https://www.igdb.com/companies/sucker-punch-productions,United States,1997
Sly Cooper and the Thievius Raccoonus,2002,13634,Sony Computer Entertainment,https://www.igdb.com/companies/sony-computer-entertainment,Japan,1993
Sly Cooper: Thieves in Time,2013,1898,Sanzaru Games,https://www.igdb.com/companies/sanzaru-games,United States,
Sly Cooper: Thieves in Time,2013,13634,Sony Computer Entertainment,https://www.igdb.com/companies/sony-computer-entertainment,Japan,1993
Small Soldiers,1998,28050,"Electronic Arts, Inc.",https://www.igdb.com/companies/electronic-arts-inc,,
Small Soldiers,1998,850,Dreamworks Interactive,https://www.igdb.com/companies/dreamworks-interactive,United States,1995
Smashing Drive,2002,1294,Gaelco,https://www.igdb.com/companies/gaelco,,
Smashing Drive,2002,263,Namco,https://www.igdb.com/companies/namco,Japan,1969
Smashing Drive,2002,1295,Point of View,https://www.igdb.com/companies/point-of-view,,
Smuggler's Run,2000,29,Rockstar Games,https://www.igdb.com/companies/rockstar-games,United States,
Smuggler's Run,2000,139,Take-Two Interactive,https://www.igdb.com/companies/take-two-interactive,United States,1993
Smuggler's Run,2000,656,Angel Studios,https://www.igdb.com/companies/angel-studios,United States,1984
Smuggler's Run: Warzones,2002,29,Rockstar Games,https://www.igdb.com/companies/rockstar-games,United States,
Smuggler's Run: Warzones,2002,656,Angel Studios,https://www.igdb.com/companies/angel-studios,United States,1984
Smuggler's Run: Warzones,2002,139,Take-Two Interactive,https://www.igdb.com/companies/take-two-interactive,United States,1993
Sneakers,2002,53,Microsoft Game Studios,https://www.igdb.com/companies/microsoft-game-studios,United States,2002
Sneakers,2002,2676,Media.Vision,https://www.igdb.com/companies/media-vision,,
Sniper Elite,2005,318,Rebellion Developments,https://www.igdb.com/companies/rebellion-developments,United Kingdom,1992
Sniper Elite,2005,1449,MC2 France,https://www.igdb.com/companies/mc2-france,France,
Sniper Elite V2,2012,318,Rebellion Developments,https://www.igdb.com/companies/rebellion-developments,United Kingdom,1992
Sniper Elite V2,2012,445,505 Games,https://www.igdb.com/companies/505-games,United States,2006
Sniper: Art of Victory,2008,1212,CI Games,https://www.igdb.com/companies/ci-games,Poland,2002
Sniper: Art of Victory,2008,1212,CI Games,https://www.igdb.com/companies/ci-games,Poland,2002
Sniper: Ghost Warrior,2010,926,City Interactive,https://www.igdb.com/companies/city-interactive,Poland,2002
Sniper: Ghost Warrior,2010,74,CyberFront,https://www.igdb.com/companies/cyberfront,Japan,1968
Sniper: Ghost Warrior 2,2013,926,City Interactive,https://www.igdb.com/companies/city-interactive,Poland,2002
Snowboard Kids 2,1999,818,Atlus,https://www.igdb.com/companies/atlus,Japan,1986
Snowboard Kids 2,1999,1751,Racdym,https://www.igdb.com/companies/racdym,Japan,1995
So Blonde,2008,4,Eidos Interactive,https://www.igdb.com/companies/eidos-interactive,United Kingdom,1996
So Blonde,2008,2301,Anaconda,https://www.igdb.com/companies/anaconda,,
So Blonde,2008,1168,WizarBox,https://www.igdb.com/companies/wizarbox,France,2004
Solatorobo: Red the Hunter,2010,2438,CyberConnect2,https://www.igdb.com/companies/cyberconnect2,Japan,2001
Soldier of Fortune: Payback,2007,1487,Cauldron HQ,https://www.igdb.com/companies/cauldron-hq,Slovakia,1996
Soldier of Fortune: Payback,2007,1488,Activision Value,https://www.igdb.com/companies/activision-value,United States,1979
Song of the Deep,2016,834,Insomniac Games,https://www.igdb.com/companies/insomniac-games,United States,1994
Song of the Deep,2016,10112,GameTrust,https://www.igdb.com/companies/gametrust,United States,
Sonic & All-Stars Racing Transformed,2012,112,Sega,https://www.igdb.com/companies/sega,Japan,2020
Sonic & All-Stars Racing Transformed,2012,439,Sumo Digital,https://www.igdb.com/companies/sumo-digital,United Kingdom,2003
Sonic & Sega All-Stars Racing,2010,61,Gameloft,https://www.igdb.com/companies/gameloft,France,1999
Sonic & Sega All-Stars Racing,2010,23,Feral Interactive,https://www.igdb.com/companies/feral-interactive,United Kingdom,1996
Sonic & Sega All-Stars Racing,2010,112,Sega,https://www.igdb.com/companies/sega,Japan,2020
Sonic & Sega All-Stars Racing,2010,439,Sumo Digital,https://www.igdb.com/companies/sumo-digital,United Kingdom,2003
Sonic Advance,2001,197,THQ,https://www.igdb.com/companies/thq,United States,1989
Sonic Advance,2001,396,Dimps,https://www.igdb.com/companies/dimps,Japan,2000
Sonic Advance,2001,112,Sega,https://www.igdb.com/companies/sega,Japan,2020
Sonic Advance,2001,213,Infogrames,https://www.igdb.com/companies/infogrames,France,1983
Sonic Advance,2001,395,Sonic Team,https://www.igdb.com/companies/sonic-team,Japan,1990
Sonic Advance,2001,812,Gradiente,https://www.igdb.com/companies/gradiente,Brazil,1969
Sonic Advance 2,2002,197,THQ,https://www.igdb.com/companies/thq,United States,1989
Sonic Advance 2,2002,213,Infogrames,https://www.igdb.com/companies/infogrames,France,1983
Sonic Advance 2,2002,112,Sega,https://www.igdb.com/companies/sega,Japan,2020
Sonic Advance 2,2002,396,Dimps,https://www.igdb.com/companies/dimps,Japan,2000
Sonic Advance 2,2002,395,Sonic Team,https://www.igdb.com/companies/sonic-team,Japan,1990
Sonic Advance 3,2004,197,THQ,https://www.igdb.com/companies/thq,United States,1989
Sonic Advance 3,2004,112,Sega,https://www.igdb.com/companies/sega,Japan,2020
Sonic Advance 3,2004,395,Sonic Team,https://www.igdb.com/companies/sonic-team,Japan,1990
Sonic Advance 3,2004,396,Dimps,https://www.igdb.com/companies/dimps,Japan,2000
Sonic Adventure,1998,395,Sonic Team,https://www.igdb.com/companies/sonic-team,Japan,1990
Sonic Adventure,1998,112,Sega,https://www.igdb.com/companies/sega,Japan,2020
Sonic Adventure 2,2001,112,Sega,https://www.igdb.com/companies/sega,Japan,2020
Sonic Adventure 2,2001,25543,Sonic Team USA,https://www.igdb.com/companies/sonic-team-usa,United States,1999
Sonic Boom: Rise of Lyric,2014,2341,Big Red Button,https://www.igdb.com/companies/big-red-button,,
Sonic Boom: Rise of Lyric,2014,112,Sega,https://www.igdb.com/companies/sega,Japan,2020
Sonic Boom: Shattered Crystal,2014,1898,Sanzaru Games,https://www.igdb.com/companies/sanzaru-games,United States,
Sonic Boom: Shattered Crystal,2014,112,Sega,https://www.igdb.com/companies/sega,Japan,2020
Sonic Chronicles: The Dark Brotherhood,2008,2,BioWare,https://www.igdb.com/companies/bioware,Canada,1995
Sonic Chronicles: The Dark Brotherhood,2008,112,Sega,https://www.igdb.com/companies/sega,Japan,2020
Sonic Colors,2010,112,Sega,https://www.igdb.com/companies/sega,Japan,2020
Sonic Colors,2010,395,Sonic Team,https://www.igdb.com/companies/sonic-team,Japan,1990
Sonic Free Riders,2010,395,Sonic Team,https://www.igdb.com/companies/sonic-team,Japan,1990
Sonic Generations,2011,395,Sonic Team,https://www.igdb.com/companies/sonic-team,Japan,1990
Sonic Generations,2011,112,Sega,https://www.igdb.com/companies/sega,Japan,2020
Sonic Generations,2011,2943,Devil's Details,https://www.igdb.com/companies/devil-s-details,,
Sonic Heroes,2003,112,Sega,https://www.igdb.com/companies/sega,Japan,2020
Sonic Heroes,2003,395,Sonic Team,https://www.igdb.com/companies/sonic-team,Japan,1990
Sonic Heroes,2003,25543,Sonic Team USA,https://www.igdb.com/companies/sonic-team-usa,United States,1999
Sonic Jam,1997,395,Sonic Team,https://www.igdb.com/companies/sonic-team,Japan,1990
Sonic Jam,1997,112,Sega,https://www.igdb.com/companies/sega,Japan,2020
Sonic Riders,2006,112,Sega,https://www.igdb.com/companies/sega,Japan,2020
Sonic Riders,2006,1976,NOW Production,https://www.igdb.com/companies/now-production,Japan,1986
Sonic Riders,2006,2009,United Game Artists,https://www.igdb.com/companies/united-game-artists,Japan,2000
Sonic Riders,2006,395,Sonic Team,https://www.igdb.com/companies/sonic-team,Japan,1990
Sonic Riders: Zero Gravity,2008,112,Sega,https://www.igdb.com/companies/sega,Japan,2020
Sonic Riders: Zero Gravity,2008,395,Sonic Team,https://www.igdb.com/companies/sonic-team,Japan,1990
Sonic Rivals,2006,1267,Backbone Entertainment,https://www.igdb.com/companies/backbone-entertainment,United States,1992
Sonic Rivals,2006,2021,Sega Studio USA,https://www.igdb.com/companies/sega-studio-usa,,
Sonic Rivals,2006,112,Sega,https://www.igdb.com/companies/sega,Japan,2020
Sonic Rivals,2006,2021,Sega Studio USA,https://www.igdb.com/companies/sega-studio-usa,,
Sonic Rivals 2,2007,1267,Backbone Entertainment,https://www.igdb.com/companies/backbone-entertainment,United States,1992
Sonic Rivals 2,2007,2021,Sega Studio USA,https://www.igdb.com/companies/sega-studio-usa,,
Sonic Rivals 2,2007,112,Sega,https://www.igdb.com/companies/sega,Japan,2020
Sonic Rush,2005,395,Sonic Team,https://www.igdb.com/companies/sonic-team,Japan,1990
Sonic Rush,2005,396,Dimps,https://www.igdb.com/companies/dimps,Japan,2000
Sonic Rush,2005,112,Sega,https://www.igdb.com/companies/sega,Japan,2020
Sonic Rush Adventure,2007,70,Nintendo,https://www.igdb.com/companies/nintendo,Japan,1969
Sonic Rush Adventure,2007,395,Sonic Team,https://www.igdb.com/companies/sonic-team,Japan,1990
Sonic Rush Adventure,2007,396,Dimps,https://www.igdb.com/companies/dimps,Japan,2000
Sonic Rush Adventure,2007,112,Sega,https://www.igdb.com/companies/sega,Japan,2020
Sonic Unleashed,2008,395,Sonic Team,https://www.igdb.com/companies/sonic-team,Japan,1990
Sonic Unleashed,2008,112,Sega,https://www.igdb.com/companies/sega,Japan,2020
Sonic and the Black Knight,2009,112,Sega,https://www.igdb.com/companies/sega,Japan,2020
Sonic and the Black Knight,2009,395,Sonic Team,https://www.igdb.com/companies/sonic-team,Japan,1990
Sonic and the Secret Rings,2007,112,Sega,https://www.igdb.com/companies/sega,Japan,2020
Sonic and the Secret Rings,2007,395,Sonic Team,https://www.igdb.com/companies/sonic-team,Japan,1990
Sonic and the Secret Rings,2007,1976,NOW Production,https://www.igdb.com/companies/now-production,Japan,1986
Sonic the Hedgehog,2006,395,Sonic Team,https://www.igdb.com/companies/sonic-team,Japan,1990
Sonic the Hedgehog,2006,112,Sega,https://www.igdb.com/companies/sega,Japan,2020
Sonic the Hedgehog,2006,23993,Tec Toy,https://www.igdb.com/companies/tec-toy,Brazil,1987
Sonic the Hedgehog 2,1992,395,Sonic Team,https://www.igdb.com/companies/sonic-team,Japan,1990
Sonic the Hedgehog 2,1992,1444,Sega Technical Institute,https://www.igdb.com/companies/sega-technical-institute,,
Sonic the Hedgehog 2,1992,112,Sega,https://www.igdb.com/companies/sega,Japan,2020
Sonic the Hedgehog 2,1992,112,Sega,https://www.igdb.com/companies/sega,Japan,2020
Sonic the Hedgehog 2,1992,23993,Tec Toy,https://www.igdb.com/companies/tec-toy,Brazil,1987
Sonic the Hedgehog 3,1994,395,Sonic Team,https://www.igdb.com/companies/sonic-team,Japan,1990
Sonic the Hedgehog 3,1994,112,Sega,https://www.igdb.com/companies/sega,Japan,2020
Sonic the Hedgehog 3,1994,23993,Tec Toy,https://www.igdb.com/companies/tec-toy,Brazil,1987
Sorcery,2012,3980,The Workshop Entertainment,https://www.igdb.com/companies/the-workshop-entertainment,United States,2007
Sorcery,2012,13634,Sony Computer Entertainment,https://www.igdb.com/companies/sony-computer-entertainment,Japan,1993
Sorcery,2012,13634,Sony Computer Entertainment,https://www.igdb.com/companies/sony-computer-entertainment,Japan,1993
Soul Bubbles,2008,16358,Mekensleep,https://www.igdb.com/companies/mekensleep,,
Soul Bubbles,2008,4,Eidos Interactive,https://www.igdb.com/companies/eidos-interactive,United Kingdom,1996
Soul Bubbles,2008,2052,NEC Interchannel,https://www.igdb.com/companies/nec-interchannel,,
Soul Eater: Battle Resonance,2009,2018,BEC,https://www.igdb.com/companies/bec,Japan,1990
Soul Eater: Battle Resonance,2009,6330,Namco Bandai Games,https://www.igdb.com/companies/namco-bandai-games,Japan,2006
Soul Sacrifice,2013,13634,Sony Computer Entertainment,https://www.igdb.com/companies/sony-computer-entertainment,Japan,1993
